Date;Closing_Price;Opening_Price;Daily_High;Daily_Low
02.05.18;38,76;;;
30.04.18;39,33;;;
27.04.18;38,81;38,85;38,88;38,85
26.04.18;38,75;;;
25.04.18;38,1;;;
24.04.18;38,08;;;
23.04.18;38,06;;;
20.04.18;37,93;38,25;38,25;38
19.04.18;38,7;38,4;38,85;38,4
18.04.18;38,02;;;
17.04.18;37,92;;;
16.04.18;38,81;;;
13.04.18;38,57;;;
12.04.18;38,04;;;
11.04.18;37,9;38;38;38
10.04.18;37,55;37,5;37,5;37,5
09.04.18;37,35;37,34;37,44;37,13
06.04.18;36,62;36,61;36,61;36,61
05.04.18;36,49;;;
04.04.18;36,26;36,8;36,8;36,3
03.04.18;36,53;34,8;34,8;34,8
29.03.18;36,33;;;
28.03.18;36,15;36,6;36,6;36,45
27.03.18;35,95;36;36,35;36
26.03.18;35,53;;;
23.03.18;35,65;;;
22.03.18;35,55;35,75;35,75;35,51
21.03.18;35,66;35,45;35,5;35,4
20.03.18;34,82;34,35;34,95;34,35
19.03.18;34,13;34,5;34,5;34,15
16.03.18;34,65;34,79;34,79;34,5
15.03.18;34,86;34,65;34,8;34,55
14.03.18;34,64;34,78;34,78;34,65
13.03.18;35,17;35;35,25;35
12.03.18;35,39;35,4;35,41;35,31
09.03.18;34,95;34,48;35;34,48
08.03.18;34,68;;;
07.03.18;34,39;34,3;34,4;34,3
06.03.18;34,31;34,25;34,25;34,25
05.03.18;33,9;33,45;33,7;33,45
02.03.18;33,7;;;
01.03.18;33,76;33,85;33,85;33,85
28.02.18;34,1;34,2;34,2;34,05
27.02.18;34,09;33,65;33,65;33,65
26.02.18;34,06;34,25;;
23.02.18;34,94;34,95;34,95;34,8
22.02.18;34,65;34,45;34,53;34,45
21.02.18;34,62;34,6;34,6;34,6
20.02.18;35,09;35,1;35,1;34,9
19.02.18;34,83;34,6;34,85;34,55
16.02.18;34,03;34,15;34,15;33,95
15.02.18;34,05;34,25;34,25;34,15
14.02.18;34,3;34,15;34,15;34
13.02.18;34,03;33,5;33,9;33,5
12.02.18;33;32,65;32,9;32,6
09.02.18;33,05;33;33;32,86
08.02.18;33,31;33,3;33,45;33,25
07.02.18;33,95;33,55;33,9;33,5
06.02.18;33,7;33,8;33,8;33,55
05.02.18;33,89;33,75;34,05;33,65
02.02.18;34,15;34,2;34,2;34,2
01.02.18;34,4;34,46;34,8;34,46
31.01.18;34,46;34,5;34,65;34,35
30.01.18;34,86;35,05;35,05;34,78
29.01.18;35,6;35,85;35,9;35,45
26.01.18;35,71;35,67;35,75;35,67
25.01.18;35,62;35,55;35,7;35,55
24.01.18;35,54;35,6;35,8;35,5
23.01.18;35,63;35,75;35,85;35,55
22.01.18;35,67;35,3;35,7;35,3
19.01.18;35,55;35,37;35,6;35,37
18.01.18;35,27;35,1;35,15;35,1
17.01.18;35,15;35,2;35,2;35,07
16.01.18;35,36;35,35;35,4;35,25
15.01.18;35,34;35,3;35,3;35,2
12.01.18;35,6;35,95;36;35,45
11.01.18;35,8;36;36;35,7
27.12.17;37,72;37,65;37,75;37,65
22.12.17;37,9;37,9;37,95;37,8
21.12.17;37,95;37,9;38;37,8
20.12.17;38,09;37,85;38,1;37,8
19.12.17;37,83;37,9;38;37,65
18.12.17;38,18;37,9;38,21;37,9
15.12.17;38,24;37,85;38,3;37,85
14.12.17;37,67;37,55;37,85;37,45
13.12.17;37,95;37,8;38;37,75
12.12.17;38,07;37,72;38,4;37,7
11.12.17;37,26;37,35;37,6;37,03
08.12.17;37,16;36,95;37,22;36,8
07.12.17;36,84;36,65;37;36,55
06.12.17;36,75;36,72;36,9;36,65
05.12.17;37,06;37,05;37,24;36,95
04.12.17;37,25;37,1;37,45;37,1
01.12.17;36,86;36,78;37,05;36,5
30.11.17;36,7;36,95;36,95;36,45
29.11.17;36,72;36,3;36,8;36,3
28.11.17;36,61;36,55;36,75;36,4
27.11.17;36,93;37;37;36,75
24.11.17;36,79;36,4;36,75;36,4
23.11.17;36,21;35,81;36,35;35,8
22.11.17;35,99;36;36,1;35,75
21.11.17;36,13;36,25;36,25;35,85
20.11.17;36,02;35,75;36,1;35,65
17.11.17;35,85;35,9;35,95;35,73
16.11.17;36,2;36,35;36,35;36,07
15.11.17;36,2;36,1;36,35;35,93
14.11.17;36,6;36,65;36,75;36,25
13.11.17;37,04;36,9;37,05;36,75
10.11.17;36,98;36,7;37,05;36,65
09.11.17;36,9;37,5;37,5;36,85
08.11.17;37,1;37,25;37,3;36,9
07.11.17;37,14;37,49;37,55;36,95
06.11.17;37,24;36,93;37,3;36,92
03.11.17;36,7;36,8;36,9;36,58
02.11.17;37,2;37,15;37,29;37
01.11.17;37,15;37,05;37,3;37
31.10.17;36,71;36,63;36,9;36,48
30.10.17;36,63;37;37;36,45
27.10.17;36,7;36,4;36,76;36,25
26.10.17;36,31;36,8;36,8;36,2
25.10.17;36,52;36,3;36,6;36,3
24.10.17;36,19;35,65;36,25;35,6
23.10.17;35,95;36;36;35,63
20.10.17;35,95;36,4;36,45;35,75
19.10.17;36,58;37,09;37,17;36,25
18.10.17;36,82;36,45;36,9;36,45
17.10.17;36,4;36,7;36,7;36,35
16.10.17;36,45;36,25;36,55;36,18
13.10.17;36,24;35,7;36,25;35,7
12.10.17;35,77;35,7;36,04;35,6
11.10.17;35,96;35,77;36;35,6
10.10.17;35,41;34,95;35,58;34,9
09.10.17;35,19;35,3;35,3;34,85
06.10.17;35,43;35,4;35,4;35
05.10.17;35,44;35,55;35,62;35,15
04.10.17;35,31;35,05;35,4;35
03.10.17;34,89;34,7;35,15;34,65
02.10.17;34,46;34,95;35,09;34,25
29.09.17;34,93;35,4;35,62;34,7
28.09.17;36,04;35,63;36,45;35,35
27.09.17;35,9;35,65;36;35,55
26.09.17;35,96;36,6;36,7;35,75
25.09.17;36,25;35,7;36,55;35,55
22.09.17;35,21;34,95;35,25;34,9
21.09.17;35,25;35,9;35,9;35,05
20.09.17;35,99;36,45;36,45;35,75
19.09.17;36,23;35,6;36,5;35,55
18.09.17;35,7;35,42;36,05;35,42
15.09.17;35,69;36;36,3;35,6
14.09.17;36,55;36,4;36,9;36,35
13.09.17;35,89;35;36,05;35
12.09.17;34,94;35,3;35,4;34,82
11.09.17;35,09;35,25;35,33;34,97
08.09.17;35,01;34,55;35,15;34,55
07.09.17;34,48;34,7;34,7;34,3
06.09.17;34,44;34,35;34,69;34,2
05.09.17;34,25;33,8;34,45;33,8
04.09.17;33,6;33,25;33,6;33,25
01.09.17;33,46;33,3;33,51;33,13
31.08.17;33,35;33,35;33,41;33,2
30.08.17;33,65;33,69;33,75;33,5
29.08.17;33,45;33,9;33,9;33,4
28.08.17;33,8;33,8;33,85;33,8
25.08.17;33,67;33,55;33,7;33,35
24.08.17;33,45;33,5;33,54;33,2
23.08.17;33,24;32,9;33,27;32,85
22.08.17;32,79;32,7;32,95;32,7
21.08.17;32,86;33,3;33,3;32,7
18.08.17;33,15;33,35;33,4;33,05
17.08.17;33,16;33,35;33,9;33,11
16.08.17;32,72;32,15;33,1;32,15
15.08.17;32,3;32,26;32,55;32,2
14.08.17;32,49;32,15;32,6;32,15
11.08.17;32,11;31,75;32,3;31,66
10.08.17;31,85;31,8;31,9;31,75
09.08.17;31,62;31,25;31,7;31,25
08.08.17;31,21;31,35;31,4;31,2
07.08.17;31,41;31,3;31,45;31,29
04.08.17;31,24;31,3;31,35;31,19
03.08.17;31,07;30,96;31,15;30,91
02.08.17;31,18;30,9;31,24;30,9
01.08.17;31,16;31,4;31,47;31,05
31.07.17;31,49;31,59;31,7;31,35
28.07.17;31,21;31,15;31,35;31,1
27.07.17;31,28;31,2;31,25;31
26.07.17;31,3;31,35;31,4;31,23
25.07.17;31,15;31,25;31,35;30,95
24.07.17;31,2;31,45;31,45;31,13
21.07.17;31,63;31,8;31,8;31,55
20.07.17;31,87;31,73;31,95;31,7
19.07.17;31,65;31,83;31,85;31,63
18.07.17;31,71;31,67;31,87;31,6
17.07.17;31,58;31,45;31,78;31,4
14.07.17;31,3;31,23;31,39;31,06
13.07.17;31,49;31,5;31,6;31,25
12.07.17;31,41;31,2;31,5;31,13
11.07.17;31,35;31,5;31,6;31,1
10.07.17;31,73;31,97;32;31,46
07.07.17;31,84;31,7;31,85;31,55
06.07.17;31,71;31,2;31,77;31,2
05.07.17;31,35;31,25;31,45;31,15
04.07.17;31,33;31,1;31,35;31
03.07.17;31,09;30,95;31,23;30,85
30.06.17;30,78;30,8;30,84;30,6
29.06.17;30,85;31,05;31,13;30,67
28.06.17;30,86;30,74;30,94;30,74
27.06.17;30,69;30,47;30,75;30,47
26.06.17;30,52;30,55;30,7;30,4
23.06.17;30,51;30,55;30,65;30,44
22.06.17;30,76;30,9;30,9;30,6
21.06.17;30,91;30,95;31;30,8
20.06.17;31,12;31,04;31,24;31
19.06.17;30,99;30,6;31;30,57
16.06.17;30,42;30,3;30,5;30,3
15.06.17;30,51;30,5;30,52;30,32
14.06.17;30,55;30,65;30,7;30,35
13.06.17;30,44;30,45;30,61;30,3
12.06.17;30,67;30,9;31,08;30,38
09.06.17;31;31;31;30,83
08.06.17;30,79;30,6;31,04;30,55
07.06.17;30,56;30,65;30,77;30,45
06.06.17;30,65;30,8;31,05;30,44
05.06.17;30,75;30,75;31,1;30,7
02.06.17;30,55;30,1;30,6;30,1
01.06.17;30,21;30,5;30,5;30,15
31.05.17;30,41;30,7;30,7;30,2
30.05.17;30,81;30,55;30,85;30,5
29.05.17;30,41;30,15;30,42;30,15
26.05.17;30,14;29,85;30,2;29,85
25.05.17;30,1;30,15;30,2;30,02
24.05.17;30,35;30,15;30,45;29,95
23.05.17;30,42;30,1;30,55;30,05
22.05.17;30,25;29,75;30,3;29,72
19.05.17;29,63;29,7;29,8;29,6
18.05.17;29,51;29,45;29,65;29,3
17.05.17;29,43;29,05;29,57;29
16.05.17;29,15;28,95;29,16;28,95
15.05.17;28,91;28,9;29,05;28,77
12.05.17;28,91;28,9;28,94;28,68
11.05.17;28,9;29,23;29,28;28,85
10.05.17;29,08;29,08;29,2;28,98
09.05.17;28,89;28,95;29,05;28,79
08.05.17;29,11;29,4;29,4;29
05.05.17;29,36;28,9;29,45;28,9
04.05.17;29,2;29,3;29,3;29,1
03.05.17;29,49;29,4;29,53;29,4
02.05.17;29,61;29,6;29,73;29,5
28.04.17;29,73;29,7;29,8;29,65
27.04.17;29,51;29,5;29,8;29,5
26.04.17;29,45;29,15;29,5;29,09
25.04.17;29,19;29,4;29,5;29,05
24.04.17;29,55;29,8;30;29,35
21.04.17;30,18;30,15;30,21;29,8
20.04.17;30,18;30;30,3;30
19.04.17;30,39;30,15;30,49;30,05
18.04.17;29,94;29,9;30,2;29,7
13.04.17;30,2;30,15;30,28;30
12.04.17;30,09;29,7;30,25;29,7
11.04.17;29,39;29,4;29,67;29,3
10.04.17;29,77;30;30,24;29,45
07.04.17;30,22;30,7;30,7;30,03
06.04.17;30,61;30,05;30,7;30,05
05.04.17;30,3;29,7;30,3;29,62
04.04.17;29,96;30,4;30,45;29,72
03.04.17;30,08;29,6;30,35;29,6
31.03.17;29,77;29,6;29,85;29,35
30.03.17;29,36;29,5;29,75;29
29.03.17;29,17;28,85;29,4;28,7
28.03.17;28,43;28;28,85;28
27.03.17;28,01;28,45;28,55;27,95
24.03.17;28,66;28,55;28,84;28,45
23.03.17;28,5;28,5;28,67;28,35
22.03.17;28,39;28,35;28,58;28,25
21.03.17;28,65;29,1;29,1;28,52
20.03.17;29,2;29,35;29,35;29,01
17.03.17;29,39;29,26;29,5;29,26
16.03.17;29,59;29,7;29,8;29,37
15.03.17;29,77;29,7;29,85;29,57
14.03.17;29,49;29,7;29,85;29,45
13.03.17;29,43;29,3;29,65;29,25
10.03.17;29,62;29,35;29,75;29,35
09.03.17;29,5;29,57;29,8;29,35
08.03.17;29,8;29,8;29,91;29,65
07.03.17;30,3;30,75;30,75;30,05
06.03.17;30,45;30,6;30,65;30,25
03.03.17;30,49;30,6;30,8;30,45
02.03.17;30,88;31,25;31,45;30,6
01.03.17;30,85;30,4;31,25;30,25
28.02.17;30,4;30,8;30,85;30,16
27.02.17;30,83;31,3;31,34;30,55
24.02.17;31,34;31,15;31,45;31
23.02.17;31,26;30,85;31,4;30,75
22.02.17;30,9;30,7;30,95;30,58
21.02.17;30,7;31,15;31,2;30,6
20.02.17;31,03;30,1;31,1;30,1
17.02.17;30,09;29,9;30,2;29,8
16.02.17;30,12;30,35;30,4;29,95
15.02.17;30,22;29,85;30,25;29,85
14.02.17;29,6;29,55;29,85;29,5
13.02.17;29,63;29,6;29,9;29,5
10.02.17;29,96;30,1;30,24;29,95
09.02.17;30,4;30,2;30,52;30,03
08.02.17;30,01;29,8;30,15;29,75
07.02.17;29,9;29,65;30,3;29,47
06.02.17;29,76;29,7;29,84;29,55
03.02.17;30,02;30,25;30,5;29,85
02.02.17;30,3;30,17;30,55;29,99
01.02.17;30,3;30,25;30,6;30,1
31.01.17;30,1;30,1;30,25;29,8
30.01.17;29,6;29,3;29,75;29,25
27.01.17;29,07;29,45;29,5;28,95
26.01.17;29,6;29,55;29,84;29,2
25.01.17;29,9;30,45;30,45;29,55
24.01.17;30,5;31;31;30,36
23.01.17;31,2;30,93;31,5;30,9
20.01.17;30,79;29,95;30,9;29,9
19.01.17;30,11;30,55;30,85;29,92
18.01.17;30,47;30,65;30,75;30,03
17.01.17;30,35;29,25;30,5;29,25
16.01.17;29,47;30;30;29,34
13.01.17;30,29;30,05;30,55;29,85
12.01.17;30,41;31;31,05;30,2
11.01.17;30,65;30,3;30,9;30,15
10.01.17;29,74;28,9;30;28,85
09.01.17;28,42;29;29,1;28,15
28.12.16;34,34;34,25;34,35;34,11
27.12.16;34,04;33,71;34,04;33,71
23.12.16;33,6;33,25;33,85;33,25
22.12.16;33,25;32,65;33,26;32,65
21.12.16;32,31;31,95;32,45;31,95
20.12.16;32,33;31,85;32,35;31,85
19.12.16;31,75;31,4;31,8;31,15
16.12.16;32,01;31,25;32,05;30,95
15.12.16;31,44;30,95;31,55;30,7
14.12.16;30,48;30,11;30,85;29,55
13.12.16;30,1;29,8;30,24;29,5
12.12.16;30,32;30;30,45;29,7
09.12.16;28,96;29;29,8;28,8
08.12.16;28,36;27,6;28,7;27,35
07.12.16;27,84;28,25;28,55;27,7
06.12.16;28,25;29,25;29,4;28
05.12.16;29,34;30;30;28,9
02.12.16;30,25;30,8;30,8;29,8
01.12.16;31,3;31,6;31,6;30,9
30.11.16;31,19;30,9;31,6;30,65
29.11.16;31,3;31,3;31,6;31,1
28.11.16;30,94;30,85;31,17;30,75
25.11.16;31,29;31,2;31,43;30,9
24.11.16;31,21;30,6;31,25;30,6
23.11.16;31,41;31,9;32,2;30,75
22.11.16;31,43;31;31,8;30,78
21.11.16;30,25;30,4;30,78;29,95
18.11.16;30,97;30,95;31,25;30,65
17.11.16;30,83;31,25;31,3;30,55
16.11.16;31,69;32,7;33,05;31,45
15.11.16;32,3;32,05;32,6;31,9
14.11.16;32,98;33,45;33,65;32
11.11.16;33,84;34,66;34,83;33,55
10.11.16;34,5;34,9;35;34,15
09.11.16;34,58;33,86;34,7;33,4
08.11.16;34,1;34;34,4;33,6
07.11.16;35,25;34,7;35,55;34,45
04.11.16;34,85;35;35,45;34,6
03.11.16;35,51;34,99;35,8;34,75
02.11.16;34,88;34,5;34,99;33,95
01.11.16;34,39;34,5;34,6;34,2
31.10.16;33,71;32,88;33,95;32,75
28.10.16;32,81;33;33,2;32,7
27.10.16;32,83;33,11;33,45;32,65
26.10.16;33,6;33,2;33,66;32,8
25.10.16;32,69;32,7;32,75;32,1
24.10.16;32,31;32,1;32,7;32,1
21.10.16;31,56;30,8;31,8;30,5
20.10.16;31,24;31,25;31,8;30,9
19.10.16;31,63;32,75;33,05;31,26
18.10.16;32,45;31,7;32,75;31,7
17.10.16;31,36;31,05;31,75;31,05
14.10.16;30,77;30,7;31,07;30,45
13.10.16;30,32;30,35;30,75;30,1
12.10.16;29,71;29,05;30,15;29,05
11.10.16;29,66;30,1;30,35;29,05
10.10.16;30,2;29,7;30,35;29,7
07.10.16;30,71;31,6;31,88;30,45
06.10.16;31,59;30,3;32,05;30,27
05.10.16;30,35;30,15;30,6;30,05
04.10.16;29,75;30,2;30,25;29,59
03.10.16;29,52;29,3;29,85;29,3
30.09.16;28,88;29,32;29,65;28,75
29.09.16;29,23;30,2;30,5;28,91
28.09.16;29,35;27,65;29,8;27,65
27.09.16;27,94;28,25;28,25;27,55
26.09.16;28,08;27,7;28,25;27,45
23.09.16;27,71;27,05;27,9;26,98
22.09.16;27,28;27,1;27,35;27
21.09.16;26,81;26,4;26,92;26,35
20.09.16;26,5;26,8;26,85;26,42
19.09.16;26,67;26,1;26,8;26,1
16.09.16;26,36;26,1;26,4;26,09
15.09.16;25,76;25,39;26;25,37
14.09.16;25,41;25,55;25,64;25,35
13.09.16;25,56;25,31;25,57;25,31
12.09.16;25,16;25,1;25,3;25
09.09.16;25,4;25,25;25,4;25,1
08.09.16;25,35;25,5;25,6;25,32
07.09.16;25,65;26;26;25,4
06.09.16;25,97;25,95;26,06;25,95
05.09.16;26,02;26,04;26,3;25,95
02.09.16;25,87;25,85;25,95;25,71
01.09.16;25,97;26;26,05;25,75
31.08.16;26,1;26,4;26,4;25,95
30.08.16;26,29;26,05;26,33;25,94
29.08.16;26;25,95;26;25,93
26.08.16;26,04;25,99;26,15;25,91
25.08.16;25,91;25,75;25,93;25,65
24.08.16;25,93;25,8;26;25,69
23.08.16;25,86;26,05;26,23;25,8
22.08.16;25,78;25,9;26,05;25,61
19.08.16;26,14;26,36;26,36;26
18.08.16;26,55;26,8;26,83;26,36
17.08.16;26,78;26,6;26,82;26,5
16.08.16;26,74;26,85;26,85;26,7
15.08.16;27,09;27,25;27,29;26,95
12.08.16;27,05;26,85;27,14;26,8
11.08.16;26,73;26,55;26,83;26,4
10.08.16;26,8;26,7;26,95;26,55
09.08.16;26,85;26,76;27,1;26,6
08.08.16;26,79;26,2;26,9;26,2
05.08.16;26,22;26,45;26,5;26,08
04.08.16;26,61;27,1;27,1;26,39
03.08.16;26,78;26,75;26,95;26,6
02.08.16;27,25;27,25;27,3;26,85
01.08.16;27,4;27,6;27,7;27,3
29.07.16;27,45;27,5;27,6;27,3
28.07.16;27,77;27,85;28,05;27,55
27.07.16;27,7;27,5;27,8;27,45
26.07.16;27,43;27,3;27,5;27,2
25.07.16;27,17;27,25;27,45;27,12
22.07.16;27,34;27,4;27,65;27,3
21.07.16;27,63;27,7;27,75;27,45
20.07.16;27,29;27,75;27,9;27,25
19.07.16;27,55;27,8;28,1;27,45
18.07.16;27,95;28,4;28,75;27,75
15.07.16;27,43;27,4;28,45;27,1
14.07.16;27,51;27,6;28,25;27,4
13.07.16;27,62;27,3;28;27,1
12.07.16;27,24;26,5;27,4;26,3
11.07.16;26,88;27,03;27,09;26,46
08.07.16;27,08;27;27,2;26,85
07.07.16;27,62;27,35;27,65;27,2
06.07.16;27,15;27,2;27,25;26,82
05.07.16;27,61;27,65;28;27,27
04.07.16;27,75;27,5;28,6;27,5
01.07.16;27,4;26,45;27,5;26,45
30.06.16;26,25;26,25;26,42;26,15
29.06.16;25,96;25,95;26,2;25,65
28.06.16;26,3;26,15;26,5;25,95
27.06.16;26,16;27;27,1;25,85
24.06.16;27;26,05;27,2;25,8
23.06.16;27,81;28,25;28,45;27,55
22.06.16;27,68;27,65;28;27,5
21.06.16;27,44;28,25;28,56;27,15
20.06.16;28,14;27,5;28,8;27,5
17.06.16;27,4;27,05;27,45;26,95
16.06.16;27;26,75;27,15;26,5
15.06.16;26,76;26,7;27,1;26,7
14.06.16;26,35;26,25;26,75;26,05
13.06.16;26,25;26,25;26,42;26,1
10.06.16;26,46;26,74;26,74;26,35
09.06.16;26,7;27,1;27,1;26,6
08.06.16;27,25;27,4;27,4;26,95
07.06.16;27,61;27,55;27,9;27,2
06.06.16;27,68;26,84;27,75;26,84
03.06.16;26,77;26,65;26,85;26,6
02.06.16;26,36;26,3;26,55;26,25
01.06.16;25,98;26,15;26,2;25,91
31.05.16;26,29;26,1;26,4;25,95
30.05.16;25,91;25,8;26,05;25,66
27.05.16;25,65;25,5;25,75;25,35
26.05.16;25,5;25,3;25,75;25,3
25.05.16;25,2;25,05;25,25;24,95
24.05.16;24,76;24,7;24,92;24,55
23.05.16;24,75;24,85;24,85;24,71
20.05.16;25,06;25,12;25,2;24,98
19.05.16;24,85;24,9;24,95;24,71
18.05.16;25,2;25,2;25,25;24,9
17.05.16;25,28;25,05;25,45;24,9
16.05.16;25,01;24,6;25;24,6
13.05.16;24,33;24,35;24,5;24,17
12.05.16;24,55;24,6;24,9;24,25
11.05.16;24,06;24,3;24,4;24,05
10.05.16;24,15;24,05;24,25;23,79
09.05.16;24,32;24,32;24,7;24
06.05.16;24,47;24,8;24,95;24,28
05.05.16;25,05;24,7;25,45;24,7
04.05.16;24,51;23,91;24,55;23,85
03.05.16;24,1;23,9;24,15;23,8
02.05.16;24,05;24,6;24,6;23,94
29.04.16;24,95;24,9;25,1;24,65
28.04.16;24,9;25,6;25,6;24,6
27.04.16;26,05;26,05;26,3;25,35
26.04.16;25,76;24,55;26,5;24,55
25.04.16;24,89;24,65;24,9;24,31
22.04.16;24,73;24,3;24,75;23,9
21.04.16;24,02;23,8;24,35;23,71
20.04.16;23,42;23,45;23,6;23,35
19.04.16;23,5;23,45;23,65;23,35
18.04.16;23,25;22,85;23,4;22,8
15.04.16;23,15;23,06;23,25;23,02
14.04.16;22,9;22,6;23,09;22,57
13.04.16;22,65;22,72;22,75;22,56
12.04.16;22,73;22,7;22,8;22,6
11.04.16;22,65;22,4;22,67;22,3
08.04.16;22,3;22,2;22,45;22,2
07.04.16;22,21;22,5;22,5;22,1
06.04.16;22,41;22,4;22,48;22,35
05.04.16;22,18;22,3;22,3;22,11
04.04.16;22,4;22,3;22,49;22,2
01.04.16;22,51;22,45;22,7;22,4
31.03.16;22,4;22,15;22,49;22
30.03.16;22,21;21,95;22,25;21,95
29.03.16;21,98;21,95;22,05;21,9
24.03.16;21,94;21,75;22,1;21,75
23.03.16;21,89;22;22,05;21,85
22.03.16;22,13;22,25;22,25;21,91
21.03.16;22,21;22,05;22,38;21,91
18.03.16;22,3;22,1;22,45;21,95
17.03.16;21,95;21,9;22,12;21,8
16.03.16;21,91;21,65;21,94;21,65
15.03.16;21,53;21,6;21,65;21,5
14.03.16;21,85;22,11;22,11;21,65
11.03.16;22,25;22,05;22,3;22,05
10.03.16;22,05;22,3;22,3;21,9
09.03.16;22,38;22,25;22,5;22,1
08.03.16;22,3;22,5;22,55;22,15
07.03.16;22,25;21,75;22,45;21,75
04.03.16;21,63;21,75;21,75;21,5
03.03.16;21,53;21,5;21,7;21,45
02.03.16;21,52;21,55;21,6;21,4
01.03.16;21,5;21,6;21,65;21,45
29.02.16;21,45;21,5;21,54;21,3
26.02.16;21,66;21,45;21,75;21,45
25.02.16;21,48;21,35;21,5;21,3
24.02.16;21,32;21,45;21,45;21,18
23.02.16;21,65;21,7;21,9;21,47
22.02.16;21,8;21,45;21,87;21,45
19.02.16;21,3;21,45;21,65;21,25
18.02.16;21,39;21,3;21,54;21,24
17.02.16;20,92;20,71;21,2;20,65
16.02.16;20,85;21,3;21,39;20,75
15.02.16;21,24;21,3;21,4;21,1
12.02.16;21,21;21;21,4;20,9
11.02.16;20,9;21,25;21,25;20,65
10.02.16;21,15;21,2;21,5;20,91
09.02.16;21,6;21,8;22,05;21,3
08.02.16;21,94;22,4;22,4;21,8
04.02.16;22,85;23,25;23,25;22,55
03.02.16;23,02;22,9;23,1;22,8
02.02.16;22,66;22,7;23;22,65
01.02.16;22,9;23,25;23,25;22,85
28.01.16;23,86;23,7;23,9;23,6
27.01.16;23,6;23,5;23,7;23,28
26.01.16;23,17;22,71;23,55;22,7
25.01.16;23,13;23,65;23,65;22,9
21.01.16;22,75;23,21;23,25;22,65
20.01.16;23,44;23,45;23,56;23,21
19.01.16;23,76;23,8;24,1;23,72
18.01.16;23,59;23,32;23,8;23,2
14.01.16;24,26;24,4;24,4;24,25
13.01.16;24,6;24,6;24,67;24,45
12.01.16;24,65;24,55;24,75;24,4
11.01.16;24,92;25,22;25,22;24,7
07.01.16;25,54;25,4;25,65;25,4
06.01.16;25,8;25,95;26,05;25,65
05.01.16;25,8;26,25;26,25;25,7
04.01.16;26,32;26,3;26,35;26,16
30.12.15;26,61;26,63;26,64;26,57
29.12.15;26,7;26,65;26,7;26,57
28.12.15;26,54;26,59;26,6;26,54
23.12.15;26,41;26,45;26,47;26,31
22.12.15;26,47;26,4;26,5;26,4
21.12.15;26,4;26,34;26,42;26,2
17.12.15;26,54;26,45;26,59;26,4
16.12.15;26,58;26,65;26,65;26,49
15.12.15;26,65;26,45;26,7;26,32
14.12.15;26,43;26,51;26,51;26,22
10.12.15;26,99;26,85;26,95;26,85
09.12.15;27,01;27,05;27,05;26,8
08.12.15;26,95;27,1;27,1;26,94
07.12.15;27,23;27,3;27,3;27,22
04.12.15;27,38;27,45;27,5;27,4
03.12.15;27,36;27,4;27,45;27,35
02.12.15;27,4;27,7;27,7;27,4
01.12.15;27,78;27,8;27,8;27,7
30.11.15;27,76;27,6;27,85;27,6
27.11.15;27,67;27,7;27,75;27,68
26.11.15;27,75;27,75;27,76;27,65
25.11.15;27,65;27,75;27,75;27,6
24.11.15;27,71;27,7;27,75;27,63
23.11.15;27,57;27,6;27,65;27,5
20.11.15;27,58;27,7;27,85;27,58
19.11.15;27,67;27,5;27,7;27,5
18.11.15;27,43;27,35;27,5;27,13
17.11.15;27,18;26,8;27,4;26,75
16.11.15;26,99;27,15;27,3;26,9
13.11.15;26,99;27,1;27,15;26,95
12.11.15;27,15;27,37;27,37;27,05
11.11.15;27,55;27,9;27,95;27,4
10.11.15;27,9;27,75;28;27,75
09.11.15;27,96;28,1;28,1;27,8
05.11.15;28,4;28,5;28,5;28,35
04.11.15;28,53;28,6;28,75;28,4
03.11.15;28,55;28,35;28,6;28,35
02.11.15;28,46;28,35;28,5;28,35
29.10.15;28,63;28,35;28,75;28,35
28.10.15;28,35;28,37;28,37;28,2
27.10.15;28,35;28,59;28,59;28,25
26.10.15;28,28;28,1;28,39;28,1
22.10.15;27,93;27,8;27,92;27,8
21.10.15;27,81;27,9;27,95;27,77
20.10.15;27,95;28,04;28,05;27,95
19.10.15;28,12;28,25;28,25;28,1
15.10.15;28,21;28,1;28,2;28,1
14.10.15;28,09;28;28,1;28
13.10.15;28,09;28,25;28,25;28,09
12.10.15;28,33;28,45;28,5;28,28
08.10.15;28,31;28,4;28,45;28,2
07.10.15;28,48;28,55;28,55;28,38
06.10.15;28,38;28,25;28,47;28,25
05.10.15;28,25;28,2;28,25;28,2
01.10.15;28,38;28,4;28,45;28,27
30.09.15;28,38;28,3;28,39;28,3
29.09.15;28,26;28,2;28,35;28,2
28.09.15;28,28;28,51;28,51;28,25
24.09.15;28,75;28,8;28,8;28,72
23.09.15;28,96;28,9;29;28,9
22.09.15;28,79;28,9;28,9;28,79
21.09.15;28,84;28,9;28,9;28,8
17.09.15;29,25;29,35;29,35;29,15
16.09.15;29,2;29,25;29,3;29,15
15.09.15;29,21;29,3;29,3;29,14
14.09.15;29,53;29,5;29,57;29,48
10.09.15;29,47;29,55;29,6;29,46
09.09.15;29,58;29,6;29,6;29,5
08.09.15;29,42;29,25;29,5;29,25
07.09.15;29,35;29,5;29,5;29,25
03.09.15;29,9;29,6;29,95;29,6
02.09.15;29,54;29,45;29,55;29,45
01.09.15;29,48;29,7;29,7;29,5
31.08.15;29,68;29,7;29,7;29,65
27.08.15;29,55;29,3;29,6;29,3
26.08.15;29,25;29,4;29,5;29,18
25.08.15;29,29;29,2;29,35;29,2
24.08.15;29,14;29,6;29,6;29,1
20.08.15;30,12;30,3;30,3;30,08
19.08.15;30,26;30,35;30,35;30,25
18.08.15;30,27;30,35;30,36;30,26
17.08.15;30,42;30,55;30,55;30,4
13.08.15;30,4;30,5;30,5;30,4
12.08.15;30,38;30,35;30,4;30,3
11.08.15;30,37;30,5;30,55;30,37
10.08.15;30,42;30,35;30,45;30,35
06.08.15;30,56;30,48;30,63;30,48
05.08.15;30,6;30,55;30,6;30,45
04.08.15;30,55;30,6;30,7;30,55
03.08.15;30,55;30,81;30,81;30,54
30.07.15;31,13;31,35;31,35;31,08
29.07.15;31,13;31,05;31,14;30,98
28.07.15;31,07;31,15;31,15;31,02
27.07.15;31,22;31,25;31,27;31,2
23.07.15;31,4;31,62;31,62;31,37
22.07.15;31,61;31,6;31,6;31,55
21.07.15;31,69;31,9;31,9;31,67
20.07.15;31,7;31,65;31,8;31,65
16.07.15;31,57;31,49;31,57;31,49
15.07.15;31,57;31,65;31,65;31,55
14.07.15;31,6;31,65;31,75;31,57
13.07.15;31,66;31,55;31,7;31,55
09.07.15;31,52;31,25;31,53;31,25
08.07.15;31,28;31,26;31,32;31,21
07.07.15;31,33;31,23;31,34;31,2
06.07.15;31,37;31,41;31,41;31,3
02.07.15;31,7;31,55;31,7;31,45
01.07.15;31,62;31,7;31,7;31,61
30.06.15;31,58;31,55;31,6;31,55
29.06.15;31,6;31,6;31,6;31,5
25.06.15;31,65;31,5;31,65;31,5
24.06.15;31,37;31,3;31,4;31,3
23.06.15;31,44;31,4;31,51;31,4
22.06.15;31,35;31,3;31,4;31,25
18.06.15;31,15;31,14;31,18;31,14
17.06.15;31,18;31,2;31,25;31,13
16.06.15;31,24;31,2;31,2;31,15
15.06.15;31,35;31,3;31,33;31,3
12.06.15;31,35;31,2;31,35;31,2
11.06.15;31,25;31,25;31,25;31,2
10.06.15;31,2;31,35;31,35;31
09.06.15;31,4;31,35;31,4;31,35
08.06.15;31,45;31,5;31,55;31,45
05.06.15;31,58;31,6;31,6;31,6
04.06.15;31,62;31,58;31,58;31,58
03.06.15;31,73;31,75;31,8;31,72
02.06.15;31,81;31,7;31,85;31,7
01.06.15;31,6;31,6;31,6;31,53
29.05.15;31,64;31,6;31,7;31,6
28.05.15;31,53;31,5;31,6;31,5
27.05.15;31,4;31,35;31,45;31,35
26.05.15;31,51;31,45;31,5;31,4
22.05.15;31,31;31,25;31,35;31,25
21.05.15;31,28;31,4;31,4;31,25
20.05.15;31,48;31,5;31,55;31,4
19.05.15;31,73;31,63;31,7;31,45
18.05.15;31,88;31,85;31,9;31,85
15.05.15;31,96;31,9;31,95;31,9
14.05.15;31,88;;;
13.05.15;31,95;31,85;31,95;31,85
12.05.15;31,9;32;32,01;31,89
11.05.15;31,95;31,7;32;31,7
08.05.15;31,75;31,7;31,75;31,7
07.05.15;31,71;31,8;31,8;31,64
06.05.15;31,98;32;32,05;31,85
05.05.15;32,02;32,05;32,05;31,95
04.05.15;32,01;32;32;32
30.04.15;31,96;32,15;32,15;31,99
29.04.15;32,01;32;32;31,95
28.04.15;31,96;31,9;31,95;31,9
27.04.15;32,03;32,1;32,15;32,1
24.04.15;32,05;31,9;32,1;31,9
23.04.15;31,84;31,75;31,9;31,7
22.04.15;31,83;31,86;31,9;31,8
21.04.15;31,96;31,95;31,95;31,9
20.04.15;31,88;31,8;31,95;31,8
17.04.15;31,71;31,65;31,7;31,63
16.04.15;31,6;31,6;31,65;31,48
15.04.15;31,49;31,43;31,5;31,43
14.04.15;31,45;31,4;31,55;31,4
13.04.15;31,36;31,27;31,35;31,26
10.04.15;31,47;31,4;31,45;31,39
09.04.15;31,48;31,37;31,5;31,37
08.04.15;31,37;31,35;31,4;31,3
07.04.15;31,38;31,55;31,55;31,35
02.04.15;31,57;31,6;31,68;31,55
01.04.15;31,66;31,65;31,7;31,53
31.03.15;31,63;31,65;31,7;31,5
30.03.15;31,75;31,75;31,75;31,7
27.03.15;31,85;31,65;31,85;31,65
26.03.15;31,7;31,75;31,75;31,65
25.03.15;31,58;31,6;31,75;31,55
24.03.15;31,79;31,8;31,95;31,75
23.03.15;31,9;31,7;31,9;31,6
20.03.15;31,66;31,1;31,7;31,05
19.03.15;31,2;31,24;31,25;31,2
18.03.15;31,2;31,1;31,25;31
17.03.15;31,01;30,9;31,05;30,85
16.03.15;31;31,1;31,1;30,95
13.03.15;31,15;30,9;31,2;30,85
12.03.15;31,25;31,35;31,35;31,05
11.03.15;31,31;31,25;31,35;31,21
10.03.15;31,1;31,1;31,1;31
09.03.15;31,27;31,26;31,3;31,2
06.03.15;31,26;31,2;31,35;31,2
05.03.15;31,45;31,7;31,75;31,25
04.03.15;31,73;31,8;31,8;31,62
03.03.15;31,71;31,7;31,73;31,65
02.03.15;31,85;31,9;31,95;31,75
27.02.15;31,96;32;32,1;31,88
26.02.15;31,74;32,05;32,05;31,65
25.02.15;32;32,1;32,15;31,85
24.02.15;32,16;32,2;32,3;31,75
23.02.15;31,95;31,57;31,95;31,57
20.02.15;31,77;31,82;31,82;31,71
19.02.15;31,68;31,9;31,9;31,7
18.02.15;32,24;32,45;32,45;32,1
17.02.15;32,48;32,85;32,85;32,5
16.02.15;33,01;32,72;33,1;32,72
13.02.15;32,71;32,4;32,75;32,26
12.02.15;32,2;32,08;32,19;32,03
11.02.15;31,95;31,95;32,05;31,95
10.02.15;32,04;32,05;32,1;31,9
09.02.15;31,78;31,7;31,8;31,68
06.02.15;31,86;31,85;32;31,8
05.02.15;31,79;31,6;31,95;31,6
04.02.15;31,47;31,6;31,65;31,45
03.02.15;31,68;31,65;31,75;31,62
02.02.15;31,64;31,65;31,7;31,63
30.01.15;31,5;31,45;31,45;31,3
29.01.15;31,61;31,4;31,6;31,4
28.01.15;31,3;31,2;31,4;31,2
27.01.15;31,12;31,1;31,2;31,1
26.01.15;31,06;31,15;31,15;31,03
23.01.15;31,21;31,2;31,21;31,15
22.01.15;31,21;31,3;31,44;31,15
21.01.15;31,35;31,2;31,4;31,2
20.01.15;31,06;31;31,2;30,9
19.01.15;30,95;30,95;30,99;30,9
16.01.15;30,95;31;31;30,85
15.01.15;31,15;31,05;31,25;31,05
14.01.15;31,34;31,25;31,35;31,15
13.01.15;31,22;30,95;31,5;30,91
12.01.15;30,87;31;31,1;30,87
09.01.15;31,18;31,2;31,2;31,09
08.01.15;30,94;31,15;31,15;31
07.01.15;31,08;30,9;31,2;30,9
06.01.15;30,95;31,45;31,45;30,9
05.01.15;31,5;31,8;31,8;31,45
02.01.15;32;32,2;32,2;32,2
30.12.14;32,5;32,55;32,55;32,55
29.12.14;32,55;32,5;32,5;32,5
23.12.14;32,74;32,7;32,7;32,7
22.12.14;32,67;32,7;32,7;32,64
19.12.14;32,78;32,78;32,78;32,75
18.12.14;32,91;32,85;33;32,85
17.12.14;32,8;33,05;33,05;32,77
16.12.14;33;33,2;33,23;32,95
15.12.14;33,2;33,35;33,35;33,2
12.12.14;33,43;33,5;33,5;33,43
11.12.14;33,51;33,5;33,55;33,45
10.12.14;33,73;33,8;33,8;33,73
09.12.14;33,73;33,7;33,75;33,7
08.12.14;33,75;33,65;33,75;33,65
05.12.14;33,83;33,8;33,9;33,8
04.12.14;33,87;34;34;33,85
03.12.14;34;33,75;34,05;33,75
02.12.14;33,93;34;34,05;33,93
01.12.14;34,16;33,95;34,15;33,9
28.11.14;34,05;34,1;34,1;34,05
27.11.14;34,32;34,25;34,3;34,15
26.11.14;34,55;34,9;34,9;34,5
25.11.14;34,6;34,5;34,65;34,35
24.11.14;34,41;33,7;34,41;33,7
21.11.14;33,46;33,35;33,44;33,35
20.11.14;33,45;33,5;33,5;33,4
19.11.14;33,46;33,35;33,48;33,35
18.11.14;33,35;33,2;33,45;33,15
17.11.14;33;32,85;33;32,85
14.11.14;32,85;32,9;32,9;32,85
13.11.14;32,9;33;33;32,85
12.11.14;33,09;33;33,15;33
11.11.14;33;32,9;33;32,9
10.11.14;32,9;32,9;32,9;32,9
07.11.14;32,68;32,54;32,8;32,54
06.11.14;32,55;32,55;32,57;32,53
05.11.14;32,52;32,45;32,53;32,45
04.11.14;32,51;32,5;32,55;32,45
03.11.14;32,56;32,55;32,58;32,55
31.10.14;32,55;32,55;32,55;32,55
30.10.14;32,6;32,42;32,6;32,42
29.10.14;32,44;32,3;32,45;32,3
28.10.14;32,26;32,1;32,25;32,1
27.10.14;32,15;32,15;32,15;32,15
24.10.14;32,26;32,3;32,3;32,25
23.10.14;32,26;32,2;32,25;32,15
22.10.14;32,26;32,1;32,25;32,1
21.10.14;31,95;32;32;31,95
20.10.14;32,13;31,93;32;31,9
17.10.14;32,11;;;
16.10.14;32,06;;;
15.10.14;31,95;;;
14.10.14;31,95;;;
13.10.14;31,95;;;
10.10.14;32,2;;;
09.10.14;32,38;;;
08.10.14;32,28;;;
07.10.14;32,23;;;
06.10.14;32,32;;;
03.10.14;32,45;;;
02.10.14;32,52;;;
01.10.14;32,55;;;
30.09.14;32,56;;;
29.09.14;32,51;;;
26.09.14;32,68;;;
25.09.14;32,68;;;
24.09.14;32,64;;;
23.09.14;32,63;;;
22.09.14;32,78;;;
19.09.14;32,83;32,85;32,85;32,85
18.09.14;32,8;32,8;32,8;32,8
17.09.14;32,8;32,8;32,85;32,75
16.09.14;32,76;32,8;32,8;32,8
15.09.14;32,87;33;33;32,85
12.09.14;33,03;33,05;33,05;33,03
11.09.14;33;32,95;33;32,95
10.09.14;32,91;32,8;32,95;32,8
09.09.14;32,91;33,1;33,1;32,9
08.09.14;33,18;33,15;33,2;33,15
05.09.14;33,1;33,1;33,12;33,05
04.09.14;33,08;33,25;33,25;33,05
03.09.14;33,21;33,19;33,25;33,1
02.09.14;33,34;33,35;33,35;33,3
01.09.14;33,41;33,4;33,45;33,4
29.08.14;33,34;33,33;33,33;33,3
28.08.14;33,33;33,2;33,25;33,2
27.08.14;33,05;33,05;33,05;33,05
26.08.14;33,06;33,1;33,1;33,05
25.08.14;33,03;33;33;33
22.08.14;32,91;32,95;32,95;32,91
21.08.14;32,87;32,95;32,95;32,85
20.08.14;32,8;32,75;32,85;32,75
19.08.14;32,81;32,85;32,85;32,8
18.08.14;32,97;33,05;33,05;32,9
15.08.14;33,11;33,05;33,13;33,05
14.08.14;33,13;33,1;33,1;33,1
13.08.14;33,14;33,1;33,15;33
12.08.14;33,06;33,1;33,15;33,05
11.08.14;33,08;33,1;33,1;33,08
08.08.14;33,22;33,1;33,3;33,05
07.08.14;33,18;32,95;33,25;32,95
06.08.14;33,05;33,05;33,05;33,05
05.08.14;32,85;32,9;33;32,85
04.08.14;32,84;;;
01.08.14;33,1;33;33,15;33
31.07.14;32,9;33;33;32,85
30.07.14;32,93;32,95;33;32,85
29.07.14;33,04;33,85;33,85;32,96
28.07.14;33,35;33,1;33,5;33,1
25.07.14;33,2;33,05;33,24;33,05
24.07.14;32,99;32,95;33,05;32,95
23.07.14;32,94;32,85;32,96;32,8
22.07.14;32,67;32,45;32,74;32,45
21.07.14;32,37;32,4;32,4;32,35
18.07.14;32,37;32,4;32,4;32,33
17.07.14;32,3;32,3;32,4;32,28
16.07.14;32,19;32,2;32,2;32,2
15.07.14;32,2;32,25;32,25;32,2
14.07.14;32,16;32,25;32,25;32,15
11.07.14;32,18;32,2;32,2;32,16
10.07.14;32,15;32,15;32,2;32,15
09.07.14;32,16;32,2;32,25;32,14
08.07.14;32,15;32,2;32,2;32,15
07.07.14;32,13;32,05;32,2;32,05
04.07.14;32,11;32,15;32,15;32,1
03.07.14;32,2;32,2;32,25;32,2
02.07.14;32,25;32,25;32,25;32,23
01.07.14;32,28;32,17;32,3;32,15
30.06.14;32,2;32,25;32,25;32,2
27.06.14;32,17;32,1;32,2;32,1
26.06.14;32,15;32,1;32,2;32,1
25.06.14;32,11;32,25;32,25;32,1
24.06.14;32,15;32,15;32,2;32,1
23.06.14;32,15;32,15;32,2;32,15
20.06.14;32,15;32,18;32,2;32,15
19.06.14;32,11;32,1;32,15;32,1
18.06.14;32,21;32,3;32,3;32,2
17.06.14;32,26;32,25;32,35;32,18
16.06.14;32,25;32,35;32,35;32,25
13.06.14;32,25;32,25;32,3;32,2
12.06.14;32,11;32,15;32,2;32,1
11.06.14;32,17;32,2;32,25;32,15
10.06.14;32,18;32,25;32,25;32,17
09.06.14;32,23;;;
06.06.14;32,2;32,18;32,25;32,18
05.06.14;32,23;32,3;32,3;32,2
04.06.14;32,25;32,3;32,33;32,25
03.06.14;32,21;32,23;32,3;32,2
02.06.14;32,25;32,25;32,29;32,2
30.05.14;32,34;32,35;32,35;32,35
29.05.14;32,25;;;
28.05.14;32,33;32,45;32,45;32,3
27.05.14;32,34;32,35;32,4;32,3
26.05.14;32,38;32,35;32,35;32,35
23.05.14;32,41;32,5;32,5;32,4
22.05.14;32,35;32,5;32,5;32,35
21.05.14;32,41;32,4;32,45;32,4
20.05.14;32,22;32,3;32,3;32,21
19.05.14;32,39;32,4;32,45;32,35
16.05.14;32,47;32,5;32,5;32,45
15.05.14;32,64;32,5;32,65;32,5
14.05.14;32,67;32,65;32,7;32,65
13.05.14;32,72;32,8;32,8;32,7
12.05.14;32,71;32,8;32,8;32,7
09.05.14;32,74;32,85;32,85;32,75
08.05.14;32,75;32,8;32,8;32,75
07.05.14;32,8;33,15;33,15;32,75
06.05.14;33,2;33,25;33,25;33,17
05.05.14;33,15;33,15;33,2;33,15
02.05.14;33,25;33,25;33,25;33,25
30.04.14;33,08;33,2;33,25;33,05
29.04.14;33,31;33,4;33,5;33,3
28.04.14;33,6;33,5;33,7;33,5
25.04.14;33,36;33,55;33,55;33,33
24.04.14;33,45;33,25;33,4;33,25
23.04.14;33,15;33,15;33,25;33,15
22.04.14;33,3;33,3;33,3;33,3
17.04.14;33,35;33,45;33,5;33,35
16.04.14;33,46;33,4;33,5;33,4
15.04.14;33,18;33,2;33,2;33,15
14.04.14;33,15;33,3;33,3;33,15
11.04.14;33,13;33,15;33,25;33,15
10.04.14;32,87;32,95;33,05;32,95
09.04.14;33;33;33;32,97
08.04.14;32,99;33,2;33,2;32,95
07.04.14;33,03;33,05;33,15;33,05
04.04.14;32,7;32,7;32,7;32,7
03.04.14;32,7;32,75;32,8;32,65
02.04.14;32,87;33;33;32,95
01.04.14;33,34;33,25;33,35;33,25
31.03.14;33,12;33;33,15;33
28.03.14;33,08;33,55;33,6;33,1
27.03.14;33,73;33,75;33,75;33,6
26.03.14;34;33,99;34;33,9
25.03.14;34,06;34;34,1;33,95
24.03.14;34,15;34,4;34,4;34,15
21.03.14;34,41;34,4;34,4;34,4
20.03.14;34,25;34,25;34,25;34,2
19.03.14;34,15;34,15;34,2;34,15
18.03.14;34,17;34,2;34,2;34,15
17.03.14;34,21;34,36;34,36;34,2
14.03.14;34,5;34,3;34,5;34,3
13.03.14;34,51;34,65;34,65;34,4
12.03.14;34,53;34,55;34,6;34,45
11.03.14;34,74;34,75;34,75;34,7
10.03.14;34,86;35,05;35,05;34,85
07.03.14;35,05;35;35,1;34,95
06.03.14;34,91;34,9;35,1;34,9
05.03.14;35,1;35,1;35,1;35,05
04.03.14;35,06;35,2;35,22;35
03.03.14;35,25;35,2;35,25;35,2
28.02.14;34,89;35;35;34,94
27.02.14;34,6;34,6;34,7;34,55
26.02.14;34,48;34,3;34,5;34,3
25.02.14;34,6;34,9;34,9;34,5
24.02.14;35,01;35,25;35,25;35
21.02.14;35,4;35,4;35,45;35,4
20.02.14;35,43;35,5;35,55;35,4
19.02.14;35,51;35,6;35,6;35,6
18.02.14;35,66;35,8;35,8;35,65
17.02.14;35,7;35,8;35,8;35,7
14.02.14;35,63;35,6;35,65;35,58
13.02.14;35,6;35,55;35,6;35,55
12.02.14;35,63;35,8;35,8;35,75
11.02.14;35,74;35,95;35,95;35,73
10.02.14;35,77;35,9;35,9;35,9
07.02.14;35,93;36;36;35,98
06.02.14;35,95;35,8;36;35,75
05.02.14;35,68;35,6;35,75;35,6
04.02.14;35,69;35,7;35,7;35,6
03.02.14;35,48;35,35;35,5;35,35
31.01.14;35,51;35,55;35,6;35,45
30.01.14;35,7;35,75;35,9;35,7
29.01.14;35,92;36;36;36
28.01.14;36,13;36,2;36,2;36,15
27.01.14;36,19;36,4;36,4;36,2
24.01.14;36,25;36,2;36,25;36,15
23.01.14;36,25;36,3;36,3;36,2
22.01.14;36,21;36,4;36,4;36,2
21.01.14;36,35;36,35;36,4;36,3
20.01.14;36,46;36,5;36,55;36,45
17.01.14;36,55;36,45;36,6;36,4
16.01.14;36,24;36,25;36,25;36,25
15.01.14;35,93;35,95;36;35,95
14.01.14;35,95;35,85;36;35,85
13.01.14;35,85;35,85;35,85;35,85
10.01.14;35,77;35,8;35,8;35,78
09.01.14;35,88;35,95;35,95;35,9
08.01.14;35,9;35,9;35,9;35,9
07.01.14;35,85;36;36;35,75
06.01.14;36,05;36,11;36,11;36,1
03.01.14;36,18;36,25;36,25;36,25
02.01.14;36,28;36,3;36,3;36,15
30.12.13;36,5;;;
27.12.13;36,5;;;
23.12.13;36;;;
20.12.13;36,9;36,95;36,95;36,9
19.12.13;37;37;37,15;37
18.12.13;36,92;37;37;36,95
17.12.13;36,9;36,85;36,85;36,85
16.12.13;36,9;;;
13.12.13;36,88;36,85;36,95;36,85
12.12.13;36,85;36,85;36,9;36,85
11.12.13;36,88;36,9;36,9;36,9
10.12.13;36,86;36,9;36,9;36,85
09.12.13;36,85;36,8;36,9;36,8
06.12.13;36,97;37;37;37
05.12.13;37;;;
04.12.13;36,65;36,69;36,69;36,69
03.12.13;36,68;36,65;36,65;36,65
02.12.13;36,5;36,5;36,59;36,5
29.11.13;36,43;36,35;36,4;36,35
28.11.13;36,4;36,4;36,4;36,3
27.11.13;36,6;36,65;36,65;36,6
26.11.13;36,59;36,6;36,6;36,6
25.11.13;36,5;;;
22.11.13;36,8;36,75;;
21.11.13;36,75;36,9;36,9;36,7
20.11.13;37;37,15;;
19.11.13;37,1;37,1;37,1;37,1
18.11.13;37,15;37,3;37,4;37,25
15.11.13;37,3;37,3;37,3;37,3
14.11.13;37,29;37,45;37,45;37,3
13.11.13;37,3;37;;
12.11.13;37,64;37,65;37,65;37,6
11.11.13;37,7;37,8;37,8;37,8
08.11.13;37,75;37,8;37,8;37,8
07.11.13;37,74;37,65;37,75;37,65
06.11.13;37,63;37,7;37,7;37,6
05.11.13;37,6;37,65;37,7;37,6
04.11.13;37,45;37,45;37,45;37,45
01.11.13;37,32;37,4;;
31.10.13;37,4;37,5;37,5;37,5
30.10.13;37,48;;;
29.10.13;37,46;37,45;37,5;37,45
28.10.13;37,4;37,45;37,45;37,45
25.10.13;37,64;37,5;37,5;37,45
24.10.13;37,56;37,6;37,6;37,5
23.10.13;37,64;37,5;37,5;37,5
22.10.13;37,82;37,95;37,95;37,9
21.10.13;38,09;38,15;38,15;38,15
18.10.13;38,3;38,45;38,45;38,3
17.10.13;38,52;38,65;38,7;38,6
16.10.13;38,5;38,4;38,5;38,4
15.10.13;38,06;37,95;38,05;37,95
14.10.13;37,77;37,8;37,8;37,75
11.10.13;37,8;38,1;38,1;38,05
10.10.13;38,3;38,35;38,35;38,35
09.10.13;38,2;38,3;38,4;38,2
08.10.13;38,62;38,6;38,75;38,6
07.10.13;38,75;38,7;38,7;38,7
04.10.13;39;38,95;;
02.10.13;38,93;39;39;39
01.10.13;38,9;39,05;39,05;39
30.09.13;39,05;;;
27.09.13;39,45;39,55;39,55;38,5
26.09.13;39,55;39,65;39,65;39,6
25.09.13;39,5;39,5;39,55;39,45
24.09.13;39,36;39,6;39,6;39,45
23.09.13;39,48;39,35;39,4;39,35
20.09.13;39,13;39,25;39,3;39,15
19.09.13;39,32;39,4;39,5;39,25
18.09.13;39,7;39,9;39,9;39,65
17.09.13;39,5;39,6;39,9;39,5
16.09.13;39,7;39,5;39,75;39,4
13.09.13;39,6;39,8;39,8;39,8
12.09.13;39,28;39;39,55;39
11.09.13;38,78;38,65;38,65;38,65
10.09.13;38,9;38,65;38,75;38,65
09.09.13;39,23;39,15;39,35;39,1
06.09.13;38,7;38,75;38,75;38,65
05.09.13;38,29;38;38,25;38
04.09.13;37,05;36,9;37,05;36,9
03.09.13;36,62;36,6;36,6;36,6
02.09.13;36,39;36,4;36,45;36,4
30.08.13;36,1;36,15;36,15;36,15
29.08.13;36,1;36,1;36,1;36,1
28.08.13;36,05;35,95;36;35,95
27.08.13;35,95;36;36,05;35,85
26.08.13;36,05;36;36;36
23.08.13;36,05;36,25;36,25;36,25
22.08.13;36,23;36,25;36,3;36,25
21.08.13;36,15;;;
20.08.13;36,08;36,1;36,2;36,1
19.08.13;36,2;36,3;36,3;36,3
16.08.13;36,2;;;
15.08.13;36,3;36,4;36,4;36,4
14.08.13;36,32;36,3;36,3;36,3
13.08.13;36,1;36,3;36,3;36,3
12.08.13;36,3;36,4;36,4;36,4
09.08.13;36,4;36,35;36,35;36,35
08.08.13;36,18;36,3;;
07.08.13;36,28;36,42;36,42;36,3
06.08.13;36,25;36,33;36,33;36,33
05.08.13;36,3;;;
02.08.13;36,4;36,5;36,5;36,45
01.08.13;36,33;36,35;36,6;36,35
31.07.13;36,47;36,55;36,65;36,55
30.07.13;36,75;37,05;37,05;36,8
29.07.13;37,13;37,2;37,2;37,15
26.07.13;37,3;;;
25.07.13;37,35;;;
24.07.13;37,39;37,45;37,45;37,45
23.07.13;37,5;37,4;37,4;37,3
22.07.13;37,35;;;
19.07.13;37,25;37,42;37,42;37,35
18.07.13;37,48;;;
17.07.13;37,58;;;
16.07.13;37,88;;;
15.07.13;37,68;;;
12.07.13;37,75;37,7;37,75;37,7
11.07.13;37,85;37,85;37,85;37,85
10.07.13;37,85;37,95;37,95;37,95
09.07.13;38,13;38,35;38,35;38,15
08.07.13;38,3;;;
05.07.13;38,38;38,4;38,4;38,4
04.07.13;38,35;38,4;38,4;38,3
03.07.13;38,55;38,55;38,55;38,55
02.07.13;38,15;38,2;38,4;38,2
01.07.13;37,58;37,45;37,45;37,36
28.06.13;37,48;38,25;37,45;39,3
27.06.13;37,5;39,5;39,5;39,5
26.06.13;37,55;37,4;37,45;37,45
25.06.13;37,45;37,3;37,55;37,3
24.06.13;37,15;37,5;37,5;37,15
21.06.13;37,45;37,65;37,73;37,36
20.06.13;37,91;37,8;37,94;37,75
19.06.13;38,1;38,1;38,25;37,85
18.06.13;37,95;37,9;38;37,8
17.06.13;38,06;38,3;38,35;37,9
14.06.13;37,88;37,75;38,2;37,67
13.06.13;37,75;37,95;38,1;37,7
12.06.13;38;37,95;38,1;37,85
11.06.13;37,8;37,8;37,9;37,65
10.06.13;37,99;38,41;38,41;37,93
07.06.13;38,5;38,53;38,55;38,45
06.06.13;38,41;38,4;38,45;38,35
05.06.13;38,55;38,49;38,6;38,48
04.06.13;38,55;38,5;38,64;38,48
03.06.13;38,51;38,57;38,57;38,45
31.05.13;38,75;38,61;38,8;38,6
30.05.13;38,59;38,7;38,7;38,58
29.05.13;38,74;38,7;38,75;38,6
28.05.13;38,85;38,69;38,85;38,69
27.05.13;38,69;38,55;38,7;38,55
24.05.13;38,55;38,55;38,6;38,5
23.05.13;38,55;38,55;38,65;38,45
22.05.13;38,6;38,7;38,81;38,52
21.05.13;38,77;38,8;38,82;38,57
17.05.13;38,35;38,65;38,65;38,35
16.05.13;38,56;38,65;38,75;38,45
15.05.13;38,77;38,7;38,8;38,7
14.05.13;38,59;38,55;38,68;38,42
13.05.13;38,52;38,5;38,55;38,35
10.05.13;38,57;38,75;38,75;38,5
08.05.13;38,72;38,8;38,8;38,6
07.05.13;38,81;38,8;38,9;38,7
06.05.13;38,92;39;39,05;38,85
03.05.13;38,88;38,6;39,04;38,5
02.05.13;38,42;38,5;38,5;38,3
30.04.13;38,84;39,05;39,2;38,7
29.04.13;39,26;39,25;39,3;39,2
26.04.13;39,18;39,15;39,25;39,1
25.04.13;39,32;39,2;39,4;39,15
24.04.13;39,23;39,3;39,4;39,2
23.04.13;39,15;38,85;39,4;38,85
22.04.13;39,01;39,1;39,1;38,9
19.04.13;39,45;39,3;39,6;39,18
18.04.13;39,11;39;39,25;38,8
17.04.13;39;39,46;39,46;38,8
16.04.13;39,64;40,9;40,9;39,5
15.04.13;40,85;41;41,15;40,8
12.04.13;40,74;40,65;40,85;40,6
11.04.13;40,49;41,44;40,68;40,44
10.04.13;40,79;40,8;41,05;40,45
09.04.13;40,93;41,45;41,45;40,8
08.04.13;41,51;41,45;41,6;41,4
05.04.13;41,57;41,7;41,81;41,5
04.04.13;41,55;41,25;41,7;41,15
03.04.13;41,45;41,25;41,65;41,2
02.04.13;41,11;41,25;41,25;40,9
28.03.13;41,71;41,65;41,75;41,45
27.03.13;41,59;41,65;41,9;41,4
26.03.13;41,51;41,2;41,75;41,2
25.03.13;41,06;40,81;41,25;40,69
22.03.13;40,82;40,85;41,05;40,78
21.03.13;41,06;40,5;41,2;40,5
20.03.13;40,36;40,35;40,58;40,2
19.03.13;40,35;40,4;40,41;40,21
18.03.13;40,42;40,45;40,48;40,35
15.03.13;40,61;40,46;40,65;40,41
14.03.13;40,69;40,55;40,85;40,45
13.03.13;40,68;41;41,05;40,6
12.03.13;40,85;40,79;40,95;40,75
11.03.13;40,85;41,15;41,15;40,75
08.03.13;41,2;41,25;41,3;41,1
07.03.13;41,36;41,25;41,45;41,1
06.03.13;41,34;41,45;41,45;41,26
05.03.13;41,7;41,65;41,75;41,4
04.03.13;41,75;42,2;42,2;41,7
01.03.13;42,07;42,25;42,25;42,02
28.02.13;42,12;41,71;42,5;41,65
27.02.13;41,75;41,85;41,91;41,7
26.02.13;41,87;41,75;41,9;41,7
25.02.13;42,27;42,45;42,5;41,95
22.02.13;42,68;42,62;42,85;42,45
21.02.13;42,64;42,07;42,8;42,05
20.02.13;42,08;41,9;42,18;41,8
19.02.13;41,97;42,3;42,37;41,85
18.02.13;42,75;42,5;42,8;42,5
15.02.13;42,4;42,55;42,55;42,3
14.02.13;42,7;42,95;43,17;42,5
13.02.13;42,82;42,55;42,9;42,5
12.02.13;42,57;42,25;42,6;42,2
11.02.13;42,15;42,1;42,26;42
08.02.13;42,25;41,9;42,35;41,9
07.02.13;41,55;41,4;41,7;41,4
06.02.13;41,75;41,9;42,15;41,55
05.02.13;41,88;41,7;42;41,3
04.02.13;41,9;41,2;42,15;41
01.02.13;41,23;40,25;41,5;40,2
31.01.13;40,37;40,9;40,95;40,3
30.01.13;40,95;41,2;41,2;40,9
29.01.13;41,11;41,4;41,4;40,9
28.01.13;41,44;42,25;41,55;41,2
25.01.13;41,13;41,15;41,2;40,75
24.01.13;41,18;41,5;41,65;41,1
23.01.13;42,06;42,5;42,5;41,7
22.01.13;42,44;42,15;42,59;42,1
21.01.13;42,35;42,35;42,4;42,1
18.01.13;42,73;43;43,05;42,55
17.01.13;43,11;43,25;43,25;43
16.01.13;43,54;43,9;43,9;43,3
15.01.13;43,78;43,85;43,9;43,68
14.01.13;43,81;44,2;44,2;43,75
11.01.13;44,21;44,4;44,45;44,15
10.01.13;44,37;44,64;44,7;44,35
09.01.13;44,88;44,95;44,95;44,7
08.01.13;45;45,1;45,2;45
07.01.13;45,13;45,4;45,4;45,1
04.01.13;45,05;45,2;45,2;45,05
03.01.13;45,14;44,95;45,19;44,95
02.01.13;45,26;45,6;45,6;45,05
28.12.12;45,31;45,45;45,45;45,25
27.12.12;45,38;45,7;45,7;45,33
21.12.12;45,07;45,05;45,1;44,99
20.12.12;45,15;45,25;45,25;45,1
19.12.12;45,3;45,25;45,4;45,24
18.12.12;45,37;45,44;45,45;45,3
17.12.12;45,29;45,25;45,33;45,2
14.12.12;45,47;45,5;45,55;45,45
13.12.12;45,39;45,39;45,55;45,3
12.12.12;45,55;45,55;45,6;45,5
11.12.12;45,71;45,72;45,85;45,66
10.12.12;45,85;45,7;45,95;45,7
07.12.12;45,93;45,9;46;45,7
06.12.12;46,04;46,04;46,05;45,85
05.12.12;46,1;46,16;46,25;46
04.12.12;46,2;46,45;46,45;46,1
03.12.12;46,32;45,9;46,3;45,9
30.11.12;46;45,9;46,05;45,9
29.11.12;46,1;46;46,2;46
28.11.12;46,12;46,15;46,2;46,03
27.11.12;46,24;46,25;46,3;46,11
26.11.12;46,3;46,79;;46,2
23.11.12;46,71;46,5;46,7;46,5
22.11.12;46,43;46,4;46,5;46,25
21.11.12;46,48;46,47;46,55;46,4
20.11.12;46,54;46,65;46,7;46,35
19.11.12;46,81;47;47;46,77
16.11.12;47,03;47,05;47,15;46,95
15.11.12;47,15;47,3;47,45;47,15
14.11.12;47,27;47,45;47,5;47,15
13.11.12;47,21;48,4;48,4;47,2
12.11.12;47,48;47,1;47,85;47,1
09.11.12;46,92;47,05;47,15;46,85
08.11.12;47,05;46,85;47,05;46,75
07.11.12;46,9;47,15;47,2;46,85
06.11.12;47,01;46,75;47,1;46,65
05.11.12;46,58;46,5;46,7;46,5
02.11.12;46,79;46,7;46,85;46,6
01.11.12;46,69;46,75;46,8;46,55
31.10.12;46,85;46,75;46,9;46,7
30.10.12;46,93;46,9;47,05;46,9
29.10.12;46,96;46,8;47;46,75
26.10.12;47,14;47,15;47,2;47
25.10.12;47,03;46,95;47,14;46,91
24.10.12;47,07;47,15;47,15;47
23.10.12;47,26;47,2;47,25;47,11
22.10.12;47,43;47,5;47,54;47,35
19.10.12;47,52;47,4;47,7;47,4
18.10.12;47,25;47,2;47,35;47,1
17.10.12;47,21;47,3;47,38;47,1
16.10.12;47,02;47,15;47,2;46,9
15.10.12;46,91;47;47,1;46,9
12.10.12;47,37;47,5;47,55;47,25
11.10.12;47,48;47,55;47,6;47,4
10.10.12;47,58;47,78;47,78;47,55
09.10.12;47,8;47,8;47,85;47,7
08.10.12;47,72;47,95;47,95;47,61
05.10.12;48,05;48,05;48,1;47,9
04.10.12;47,9;47,6;48;47,55
02.10.12;47,75;47,65;47,8;47,55
01.10.12;47,73;47,8;47,9;47,6
28.09.12;47,76;48,1;48,2;47,75
27.09.12;47,98;47,78;48,05;47,78
26.09.12;47,64;47,5;47,7;47,41
25.09.12;47,55;47,27;47,65;47,25
24.09.12;47,4;47,8;47,8;47,3
21.09.12;47,83;48,15;48,15;47,8
20.09.12;47,93;47,9;48,15;47,85
19.09.12;47,74;48,05;48,1;47,65
18.09.12;48;47,9;48,07;47,85
17.09.12;48,24;48,45;48,45;48,1
14.09.12;48,58;48,6;48,75;48,57
13.09.12;48,61;48,75;48,75;48,5
12.09.12;48,69;48,8;48,8;48,6
11.09.12;48,8;48,99;49;48,65
10.09.12;49;49,4;49,7;48,9
07.09.12;49,2;49,15;49,35;49,15
06.09.12;49,2;49,08;49,35;49,08
05.09.12;49,08;49,1;49,2;49
04.09.12;49,4;49,65;49,7;49,25
03.09.12;49,48;49,35;49,6;49,3
31.08.12;49,1;49,02;49,1;49,02
30.08.12;49,02;48,9;49,14;48,85
29.08.12;49,06;49,2;49,2;48,95
28.08.12;49,56;49,85;49,85;49,25
27.08.12;49,57;49,9;49,9;49,5
24.08.12;49,7;49,7;49,8;49,63
23.08.12;49,92;50,05;50,15;49,85
22.08.12;49,76;49,8;49,95;49,62
21.08.12;49,72;49,4;49,85;49,35
20.08.12;49,44;49,25;49,52;49,25
17.08.12;49,34;49,4;49,45;49,3
16.08.12;49,3;49,55;49,58;49,3
15.08.12;49,39;49,75;49,75;49,4
14.08.12;50,15;49,9;50,25;49,85
13.08.12;50,04;49,5;50,15;49,5
10.08.12;49,35;49,1;49,49;49,1
09.08.12;48,99;49,15;49,2;49
08.08.12;49,05;49,09;49,15;48,8
07.08.12;49,08;49,04;49,18;48,9
06.08.12;48,9;49;49,05;48,77
03.08.12;48,83;48,63;48,89;48,63
02.08.12;48,59;48,55;48,8;48,48
01.08.12;48,61;48,45;48,75;48,45
31.07.12;48,29;48,05;48,45;48
30.07.12;47,93;48,05;48,05;47,89
27.07.12;48,05;48;48,15;47,85
26.07.12;47,88;47,65;47,95;47,65
25.07.12;47,65;47,67;47,85;47,6
24.07.12;47,76;47,8;47,82;47,65
23.07.12;47,61;47,85;47,9;47,59
20.07.12;48,08;48,1;48,18;48
19.07.12;48,08;48,05;48,2;47,94
18.07.12;48,01;48;48,1;47,9
17.07.12;48,22;48,25;48,35;48,15
16.07.12;48,05;48;48,18;47,8
13.07.12;48,06;48,1;48,15;47,9
12.07.12;47,94;48,15;48,15;47,9
11.07.12;48,2;48,29;48,4;48,11
10.07.12;48,29;48,25;48,35;48,15
09.07.12;48,44;48,85;48,85;48,35
06.07.12;48,6;48,8;48,9;48,6
05.07.12;48,87;48,6;49,2;48,55
04.07.12;48,75;48,8;48,85;48,6
03.07.12;48,85;48,45;48,9;48,4
02.07.12;48,41;48,75;48,75;48,35
29.06.12;48,75;48,6;48,8;48,4
28.06.12;48,35;48,65;48,7;48,2
27.06.12;48,67;48,6;48,8;48,5
26.06.12;48,8;48,55;48,9;48,55
25.06.12;48,35;48,4;48,5;48,05
22.06.12;48,47;47,7;48,75;47,7
21.06.12;47,71;47,5;47,7;47,35
20.06.12;47,69;47,55;47,9;47,5
19.06.12;47,77;47,35;47,8;47,35
18.06.12;47,5;48,2;48,25;47,53
15.06.12;47,94;47,8;47,98;47,75
14.06.12;47,6;47,65;47,7;47,55
13.06.12;47,82;47,8;47,95;47,75
12.06.12;47,78;47,8;47,85;47,65
11.06.12;47,95;48,3;48,3;47,9
08.06.12;48,1;47,95;48,12;47,9
07.06.12;48,36;48,33;48,45;48,15
06.06.12;48,46;48,75;48,8;48,4
05.06.12;48,58;48,65;48,7;48,55
04.06.12;48,45;48,3;48,55;48,3
01.06.12;48,66;48,65;48,7;48,35
31.05.12;48,62;49,05;49,05;48,6
30.05.12;49,05;49,54;49,55;48,95
29.05.12;49,54;49,25;49,6;49,25
25.05.12;48,84;48,8;48,99;48,8
24.05.12;48,61;48,55;48,83;48,4
23.05.12;48,66;48,75;48,75;48,5
22.05.12;48,75;48,9;49;48,7
21.05.12;48,63;48,55;48,75;48,55
18.05.12;48,56;48,5;48,65;48,5
16.05.12;49,1;49;49,15;48,85
15.05.12;49,17;49,4;49,4;49,05
14.05.12;49,24;49,55;49,55;49,25
11.05.12;49,56;49,55;49,6;49,4
10.05.12;49,79;49,69;49,8;49,65
09.05.12;49,51;49,5;49,6;49,35
08.05.12;49,42;49,4;49,55;49,3
07.05.12;49,55;49,4;49,6;49,4
04.05.12;49,84;49,95;49,95;49,65
03.05.12;50,01;50,05;50,2;49,9
02.05.12;50,15;50,4;50,4;49,99
30.04.12;50,43;50,55;50,55;50,3
27.04.12;50,65;50,6;50,68;50,5
26.04.12;50,5;50,32;50,6;50,25
25.04.12;50,32;50,5;50,6;50,24
24.04.12;50,57;50,79;50,8;50,5
23.04.12;50,79;51,15;51,19;50,7
20.04.12;51,13;51;51,2;51
19.04.12;50,84;50,85;50,94;50,7
18.04.12;50,99;51,15;51,2;50,8
17.04.12;50,96;50,97;51,05;50,85
16.04.12;50,97;51,1;51,1;50,9
13.04.12;51,53;51,55;51,65;51,45
12.04.12;51,41;51,5;51,5;51,3
11.04.12;51,29;51,4;51,5;51,1
10.04.12;51,42;51,4;51,5;51,3
05.04.12;51,46;51,35;51,65;51,2
04.04.12;51,3;51,3;51,5;51,15
03.04.12;51,31;51,55;51,6;51,15
02.04.12;51,65;52,15;52,15;51,53
30.03.12;51,8;51,9;52,1;51,75
29.03.12;52,15;52,2;52,55;51,91
28.03.12;51,93;52,3;52,1;51,7
27.03.12;51,68;51,55;51,7;51,5
26.03.12;51,33;51,75;51,76;51,25
23.03.12;51,89;51,8;52;51,7
22.03.12;51,83;51,95;52;51,7
21.03.12;52,04;51,95;52,25;51,95
20.03.12;52,24;52,35;52,45;52,05
19.03.12;52,74;52,6;52,8;52,55
16.03.12;52,39;52,6;52,65;52,2
15.03.12;52,66;52,75;52,9;52,3
14.03.12;52,96;52,45;53,05;52,45
13.03.12;51,94;52,91;52,3;51,8
12.03.12;52,1;52,15;52,25;51,85
09.03.12;52,51;52,8;52,9;52,5
08.03.12;52,95;52,5;53,05;52,39
07.03.12;52,1;52,4;52,6;52
06.03.12;52,1;52,7;52,7;52
05.03.12;53,05;53;53,15;52,95
02.03.12;53,39;53,5;53,55;53,1
01.03.12;53,31;52,8;53,35;52,75
29.02.12;52,99;53,1;53,3;52,7
28.02.12;53,4;54,1;54,1;53,35
27.02.12;54,33;54,05;54,5;54,05
24.02.12;53,78;53,7;54;53,4
23.02.12;53,56;53,15;53,9;53
22.02.12;53,22;52,95;53,4;52,8
21.02.12;52,2;52,2;52,6;52,05
20.02.12;52,61;52,9;53;52,4
17.02.12;52,76;52,3;52,85;52,3
16.02.12;52,3;51,75;52,45;51,45
15.02.12;51,9;51,41;51,9;51,31
14.02.12;51,07;50,8;51,25;50,75
13.02.12;50,95;51,25;51,4;50,95
10.02.12;51,58;51,55;51,75;51,4
09.02.12;51,95;52,3;52,5;51,75
08.02.12;52,5;53,05;53,2;52,2
07.02.12;53,25;52,8;53,45;52,7
06.02.12;53,06;53,6;53,6;53
03.02.12;53,15;53,35;53,55;53,02
02.02.12;53,09;52,8;53,29;52,8
01.02.12;52,25;51,95;52,55;51,95
31.01.12;52,05;52,3;52,5;51,8
30.01.12;52,73;52,58;53;52,44
27.01.12;52,54;51,6;52,6;51,6
26.01.12;51,81;51,4;51,9;51,4
25.01.12;51,28;51,25;51,5;51,1
24.01.12;50,95;50,6;51,25;50,6
23.01.12;50,71;51,2;51,2;50,65
20.01.12;50,98;51,1;51,1;50,85
19.01.12;50,81;50,4;50,9;50,3
18.01.12;50,6;50,35;50,7;50,25
17.01.12;50,23;49,95;50,45;49,95
16.01.12;50,36;50,85;50,85;50,2
13.01.12;51,46;51,55;51,7;51,25
12.01.12;51,9;51,65;51,9;51,55
11.01.12;51,94;52,05;52,2;51,75
10.01.12;52,32;52,6;52,6;52,25
09.01.12;52,4;52,45;52,55;52,35
06.01.12;52,18;52,35;52,4;52,2
05.01.12;52,48;52,31;52,55;52,3
04.01.12;52,31;52,09;52,35;52
03.01.12;52,19;52,1;52,2;51,9
02.01.12;52,33;52,65;52,65;52,2
30.12.11;53,19;53,4;53,4;53,15
29.12.11;53,6;53,78;;
28.12.11;53,8;53,7;54;53,7
27.12.11;53,93;54;54,1;54
23.12.11;52,43;52,6;52,6;52,6
22.12.11;52,55;52,1;52,65;52,05
21.12.11;52,05;52,35;52,35;52,09
20.12.11;52,29;51,6;52,45;51,6
19.12.11;51,44;51,65;51,65;51,4
16.12.11;51,82;51,85;52,1;51,75
15.12.11;52,1;51,85;52,1;51,85
14.12.11;52,04;52,15;52,2;51,95
13.12.11;52,6;52,65;52,7;52,4
12.12.11;52,61;52,7;52,7;52,45
09.12.11;52,74;52,4;52,95;52,4
08.12.11;52,57;52,2;52,75;52,2
07.12.11;52,13;52,3;52,45;52,1
06.12.11;51,93;51,85;52,15;51,7
05.12.11;52,25;52,3;52,32;52,15
02.12.11;52,59;52,5;52,75;52,5
01.12.11;52,82;53,05;53,05;52,68
30.11.11;53,38;52,85;53,45;52,75
29.11.11;52,81;52,87;53;52,78
28.11.11;53,3;53,45;53,45;53,2
25.11.11;53,11;53,25;53,33;52,95
24.11.11;53,53;53,78;53,9;53,35
23.11.11;53,89;54,31;54,31;53,75
22.11.11;54,38;54,4;54,4;54,2
21.11.11;54,29;54,3;54,4;54,2
18.11.11;54,68;55;55;54,7
17.11.11;55,17;55,35;55,4;55
16.11.11;55,33;55,15;55,5;55,15
15.11.11;55,32;55,4;55,52;55,25
14.11.11;55,35;55,5;55,5;55,22
11.11.11;55,57;55,25;55,55;55,2
10.11.11;55,43;55,5;55,6;55,35
09.11.11;55,41;55,6;55,65;55,4
08.11.11;56,01;55,9;56,1;55,75
07.11.11;55,89;55,45;56,1;55,25
04.11.11;54,81;54,7;55;54,66
03.11.11;54,67;54,15;54,78;54,1
02.11.11;54,4;54,35;54,5;54,25
01.11.11;54,49;54,65;54,65;54,31
31.10.11;54,98;55,23;55,25;54,9
28.10.11;55,23;55,2;55,4;55,15
27.10.11;55,3;54,9;55,35;54,88
26.10.11;54,73;54,9;54,9;54,65
25.10.11;55;55,05;55,1;54,86
24.10.11;54,91;54,9;55;54,75
21.10.11;55;54,8;55,09;54,8
20.10.11;54,77;54,71;54,86;54,63
19.10.11;55,03;55,6;55,6;54,9
18.10.11;55,34;55,55;55,55;55,2
17.10.11;55,71;56;56,1;55,65
14.10.11;55,89;55,75;55,95;55,7
13.10.11;55,83;56,15;56,25;55,85
12.10.11;56,41;56,4;56,6;56,35
11.10.11;56,05;56,2;56,25;55,96
10.10.11;56,1;55,6;56,15;55,6
07.10.11;55,78;56,05;56,1;55,65
06.10.11;55,7;55,9;56,1;55,75
05.10.11;55,8;55,85;55,95;55,75
04.10.11;55,51;55,5;55,75;55,35
30.09.11;56,46;56,65;56,65;56,3
29.09.11;57;56,2;57,05;56,2
28.09.11;56,7;56,35;56,75;56,3
27.09.11;56,65;56,4;56,69;56,31
26.09.11;56,17;55,99;56,25;55,9
23.09.11;56,54;56,6;56,75;56,25
22.09.11;56,84;57,1;57,1;56,75
21.09.11;57,5;57,31;57,6;57,3
20.09.11;57,31;57,35;57,5;57,25
19.09.11;57,49;57,55;57,9;57,5
16.09.11;57,75;57,85;57,95;57,7
15.09.11;58,1;58;58,2;57,8
14.09.11;57,85;57,7;57,85;57,55
13.09.11;57,99;58,13;58,25;57,85
12.09.11;57,81;57,6;58,15;57,6
09.09.11;58,13;58,65;58,65;58
08.09.11;58,59;58,35;58,75;58,2
07.09.11;58,13;58,15;58,3;57,8
06.09.11;58,02;58;58,25;57,9
05.09.11;57,97;57,95;58,15;57,95
02.09.11;58,45;58,65;58,7;58,4
01.09.11;58,79;58,55;58,98;58,4
31.08.11;58,68;59,15;59,2;58,5
30.08.11;58,73;58,65;59,05;58,3
29.08.11;58,63;57,9;58,7;57,9
26.08.11;57,64;57,3;58;57,25
25.08.11;57,59;57,75;57,95;57,35
24.08.11;57,85;57,48;57,95;57,45
23.08.11;57,12;57,25;57,35;57,1
22.08.11;57,02;57;57,05;56,85
19.08.11;56,72;56,5;56,8;56,3
18.08.11;56,81;57,25;57,25;56,67
17.08.11;57,23;56,85;57,25;56,85
16.08.11;56,73;56,9;56,9;56,65
15.08.11;57,05;57,2;57,2;56,95
12.08.11;57,16;57,1;57,3;57
11.08.11;56,96;56,95;57,1;56,75
10.08.11;56,7;56,85;57,05;56,54
09.08.11;56,41;55,8;56,65;55,75
08.08.11;56,22;56;56,45;56
05.08.11;56,53;56,3;56,65;56,2
04.08.11;56,85;57,05;57,15;56,77
03.08.11;56,99;57,2;57,2;56,75
02.08.11;57,65;57,4;57,7;57,35
01.08.11;57,94;57,75;58,05;57,75
29.07.11;57,48;57,8;57,8;57,4
28.07.11;57,81;57,3;58;57,3
27.07.11;57,54;57,4;57,55;57,3
26.07.11;57,51;57,85;57,9;57,45
25.07.11;57,64;57,6;57,6;57,6
22.07.11;57,8;57,85;58,15;57,75
21.07.11;57,95;57,78;58,15;57,55
20.07.11;57,6;57,4;57,73;57,15
19.07.11;57,34;57;57,36;56,85
18.07.11;56,9;57,03;57,03;56,7
15.07.11;57,27;57,05;57,36;57
14.07.11;57,29;56,95;57,45;56,85
13.07.11;57,18;57,45;57,65;57,2
12.07.11;57,31;56,75;57,4;56,7
11.07.11;57,14;57,45;57,45;56,86
08.07.11;57,92;58,41;58,41;57,6
07.07.11;58,41;57,8;58,5;57,8
06.07.11;57,58;58;58;57,4
05.07.11;57,67;57,05;57,85;57
04.07.11;57,02;56,75;57,31;56,6
01.07.11;56,66;56,85;56,9;56,45
30.06.11;56,72;56,51;57;56,05
29.06.11;56,65;56,8;57,15;56,5
28.06.11;56,87;56,3;57,1;56,3
27.06.11;56,31;55,6;56,5;55,4
24.06.11;57,09;56,9;57,15;56,45
23.06.11;56,63;57,8;57,8;56,4
22.06.11;58,2;58;58,25;57,83
21.06.11;57,93;58,5;58,65;57,8
20.06.11;58,65;58,9;58,95;58,4
17.06.11;59,34;59,6;59,6;59,26
16.06.11;59,69;59,75;59,75;59,55
15.06.11;59,96;60,15;60,15;59,85
14.06.11;60,19;60,35;60,35;60,1
10.06.11;59,72;59,8;59,94;59,7
09.06.11;59,53;59,4;59,8;59,35
08.06.11;59,41;59,5;59,5;59,25
07.06.11;59,62;59,3;59,75;59,3
06.06.11;59,35;59,3;59,35;59,15
03.06.11;59,49;59,65;59,9;59,4
01.06.11;59,8;59,7;60;59,6
31.05.11;60,1;60,65;60,65;59,95
30.05.11;60,5;60,4;60,55;59,95
27.05.11;59,46;58,55;59,5;58,55
26.05.11;58,69;58,7;58,75;58,5
25.05.11;58,32;58,1;58,46;58,1
24.05.11;58,54;58,15;58,55;58,15
23.05.11;58,25;58,55;58,55;58,1
20.05.11;58,63;58,85;58,9;58,7
19.05.11;58,98;58,75;59,05;58,7
18.05.11;58,64;58,7;58,8;58,45
17.05.11;58,71;59,15;59,2;58,65
16.05.11;59,1;59,05;59,2;58,7
13.05.11;59,35;59,5;59,55;59,2
12.05.11;58,77;58,3;59;58,3
11.05.11;58,84;59,2;59,3;58,6
10.05.11;58,78;59;59,15;58,65
09.05.11;58,52;58,75;59,15;58,45
06.05.11;58,11;58,15;58,3;57,54
05.05.11;58,61;59,1;59,2;58,2
04.05.11;59,22;59,1;59,34;58,96
03.05.11;59,43;59,8;59,8;59,25
02.05.11;59,83;59,1;59,85;59,1
29.04.11;59,3;59,05;59,3;59,05
28.04.11;59,22;58,9;59,3;58,75
27.04.11;58,61;58,1;58,7;58,1
26.04.11;58,09;58,4;58,6;58,06
21.04.11;58,9;59,15;59,2;58,7
20.04.11;58,55;58,5;58,97;58,3
19.04.11;57,86;58,2;58,3;57,6
18.04.11;58,75;59,3;59,5;58,15
15.04.11;58,9;58,4;59,16;58,3
14.04.11;58,4;57,9;58,43;57,8
13.04.11;58,06;58,4;58,4;57,8
12.04.11;58,61;58,65;59,05;58,25
11.04.11;59,17;60;60;58,95
08.04.11;59,83;59,9;60,05;59,7
07.04.11;59,43;60,19;60,19;59,2
06.04.11;60,19;59,85;60,3;59,8
05.04.11;60,12;60,55;60,55;60
04.04.11;60,68;60,25;60,79;60,25
01.04.11;59,98;60;60,25;59,9
31.03.11;59,38;58,7;59,7;58,7
30.03.11;58,6;58,9;58,9;58,35
29.03.11;59,31;59,45;59,55;59
28.03.11;59,52;59,3;59,8;59
25.03.11;58,48;58,15;58,6;57,95
24.03.11;58,05;58,45;58,45;57,55
23.03.11;58,67;58,4;58,75;58,3
22.03.11;57,77;57,4;58,1;57,3
21.03.11;57,37;56,6;57,5;56,5
18.03.11;57,3;57,8;58;56,9
17.03.11;57,18;58,25;58,4;57,1
16.03.11;57,88;59,3;59,8;57,7
15.03.11;58,16;56,35;58,45;56,1
14.03.11;55,01;54,4;55,35;54
11.03.11;53,11;52,85;53,25;52,85
10.03.11;53,2;53,75;53,8;53,15
09.03.11;53,6;53,45;53,65;53,45
08.03.11;53,36;53,5;53,7;53,3
07.03.11;54;53,85;54,25;53,8
04.03.11;53,43;53,1;53,5;53,1
03.03.11;53,05;52,91;53,25;52,9
02.03.11;52,81;52,75;52,9;52,6
01.03.11;52,81;53;53;52,6
28.02.11;53,22;53,65;53,65;53,2
25.02.11;52,95;52,9;53,15;52,7
24.02.11;53,19;53,75;54;53,15
23.02.11;53,39;53,55;53,8;53,15
22.02.11;53,54;54,25;54,25;53,5
21.02.11;53,34;53;53,4;53
18.02.11;52,34;52,25;52,65;52,2
17.02.11;52,23;52,05;52,3;51,9
16.02.11;51,64;51,6;51,7;51,4
15.02.11;51,79;51,95;52,1;51,7
14.02.11;51,73;51,8;51,85;51,5
11.02.11;52,05;51,8;52,15;51,69
10.02.11;51,55;51,15;51,7;51
09.02.11;51,25;51,8;51,9;51,25
08.02.11;51,39;51,5;51,5;51,2
07.02.11;51,75;52,2;52,35;51,75
04.02.11;52,65;52,9;52,9;52,45
03.02.11;52,88;52,85;53,05;52,65
02.02.11;52,46;52,1;52,5;52,05
01.02.11;52,12;52,25;52,25;51,85
31.01.11;51,65;51,5;51,95;51,5
28.01.11;51,2;51,05;51,3;50,96
27.01.11;51,42;51,7;51,75;51,35
26.01.11;51,43;51,35;51,55;51,1
25.01.11;50,84;51;51,2;50,7
24.01.11;51,32;51,55;51,65;51,2
21.01.11;51,3;51,5;51,5;51,15
20.01.11;51,5;51,5;51,85;51,35
19.01.11;51,8;52,4;52,45;51,75
18.01.11;52,11;52,5;52,65;52
17.01.11;52,36;52,9;53,1;52,25
14.01.11;52,59;53;53;52,5
13.01.11;53,25;53,35;53,8;53,15
12.01.11;53,85;54,15;54,6;53,7
11.01.11;53,99;53,9;54,4;53,75
10.01.11;53,72;53,8;54,45;53,7
07.01.11;53,74;53;53,8;53
06.01.11;53,04;52,5;53,05;52,5
05.01.11;52,04;52,11;52,35;51,9
04.01.11;52,5;52,8;53,15;52,46
03.01.11;52,85;53;53;52,75
30.12.10;53,6;53,5;53,85;53,5
29.12.10;53,34;52,95;53,5;52,95
28.12.10;52,7;52,9;52,9;52,9
27.12.10;52,7;52,6;52,6;52,6
23.12.10;51,15;50,8;51,15;50,8
22.12.10;50,75;50,5;50,8;50,5
21.12.10;50,2;49,9;50,2;49,9
20.12.10;49,98;50,6;50,85;49,95
17.12.10;50,35;49,67;50,35;49,67
16.12.10;50,02;49,3;50,15;49,3
15.12.10;49,21;48,7;49,21;48,7
14.12.10;49,13;49,3;49,65;49,09
13.12.10;49,86;50,4;50,4;49,9
10.12.10;50,33;50,05;50,39;49,5
09.12.10;50,6;50,75;50,75;49,95
08.12.10;51,17;51,11;51,3;51,1
07.12.10;51,17;51,26;51,35;50,85
06.12.10;51,54;51,2;51,6;51,15
03.12.10;50,59;50,4;50,75;50,4
02.12.10;50,06;50,1;50,2;49,9
01.12.10;49,86;49,5;49,95;49,5
30.11.10;49,03;48,85;49,1;48,8
29.11.10;49,5;49,2;49,65;49,2
26.11.10;48,9;48,55;48,95;48,5
25.11.10;48,96;49,45;49,45;48,8
24.11.10;49,24;49,1;49,3;49
23.11.10;49;49,4;49,4;48,65
22.11.10;49,71;49,25;49,8;49,15
19.11.10;48,5;48,6;48,95;48,5
18.11.10;48,44;48,15;48,53;48,1
17.11.10;48,19;48,13;48,3;47,72
16.11.10;48,42;49,05;49,1;48,4
15.11.10;49,25;48,7;49,3;48,48
12.11.10;48,61;48,1;48,83;48,05
11.11.10;47,4;47,05;47,4;47,05
10.11.10;46,83;46,9;46,9;46,72
09.11.10;46,7;46,6;46,75;46,5
08.11.10;46,6;46,9;46,9;46,55
05.11.10;47,01;47,17;47,17;46,86
04.11.10;47,1;47,3;47,3;47,06
03.11.10;47,49;47,6;47,7;47,5
02.11.10;47,51;47,61;47,61;47,45
01.11.10;47,44;47,28;47,55;47,28
29.10.10;47,28;47,6;47,65;47,25
28.10.10;47,75;47,85;47,9;47,73
27.10.10;48,16;48;48,3;47,9
26.10.10;48,12;48,25;48,3;48,05
25.10.10;48,08;47,7;48,2;47,7
22.10.10;47,81;47,75;47,9;47,65
21.10.10;47,91;48,05;48,05;47,81
20.10.10;48,04;47,95;48,05;47,9
19.10.10;47,91;48,15;48,15;47,85
18.10.10;48,14;48,15;48,3;48
15.10.10;48,35;48,4;48,5;48,3
14.10.10;48,44;48,6;48,65;48,4
13.10.10;48,7;48,7;48,88;48,65
12.10.10;48,64;49,05;49,05;48,6
11.10.10;49,06;48,95;49,1;48,85
08.10.10;48,79;48,55;48,8;48,5
07.10.10;49,04;49,25;49,3;49
06.10.10;49,21;49,55;49,55;49,2
05.10.10;49,35;49,37;49,42;49,18
04.10.10;49,41;49,55;49,55;49,25
01.10.10;49,55;49,92;50;49,52
30.09.10;49,92;50,05;50,05;49,7
29.09.10;49,78;50;50,1;49,75
28.09.10;49,67;49,5;49,7;49,35
27.09.10;49,62;50,1;50,1;49,61
24.09.10;49,6;49,29;49,65;49,29
23.09.10;49,13;49,35;49,45;49,12
22.09.10;49,35;49,45;49,5;49,25
21.09.10;49,36;49,4;49,6;49,3
20.09.10;49,51;49,7;49,75;49,32
17.09.10;49,99;50;50,1;49,9
16.09.10;49,97;50,5;50,55;49,94
15.09.10;50,3;50,2;50,4;50,1
14.09.10;50;50;50,1;49,75
13.09.10;50,21;50,05;50,35;50,05
10.09.10;49,78;50;50,05;49,65
09.09.10;50,37;50,4;50,6;50,32
08.09.10;50,47;50,7;50,72;50,45
07.09.10;50,64;50,45;50,75;50,4
06.09.10;50,72;51,35;51,35;50,57
03.09.10;51,57;51,5;51,65;51,35
02.09.10;51,25;51,1;51,33;51,1
01.09.10;50,65;50,61;50,85;50,6
31.08.10;51,1;51,4;51,5;51,1
30.08.10;51,73;51,6;51,74;51,55
27.08.10;51,19;51,15;51,46;51,1
26.08.10;51,21;51,08;51,25;50,71
25.08.10;50,69;50,5;50,75;50,45
24.08.10;50,25;50,35;50,39;50,1
23.08.10;50,69;51,05;51,1;50,7
20.08.10;50,51;50,5;50,65;50,3
19.08.10;50,33;50,2;50,55;50,1
18.08.10;49,63;49,7;49,75;49,55
17.08.10;50,06;49,79;50,1;49,75
16.08.10;49,68;50;50;49,65
13.08.10;50,3;50,4;50,6;50,15
12.08.10;50,13;50,35;50,5;49,95
11.08.10;50,52;50,75;50,95;50,5
10.08.10;50,85;51;51,25;50,85
09.08.10;50,92;50,75;51;50,7
06.08.10;51,08;51,25;51,3;50,95
05.08.10;51,45;51,3;51,5;50,9
04.08.10;51,44;51,65;51,7;51,4
03.08.10;51,63;51,77;52,15;51,55
02.08.10;51,39;50,5;51,55;50,5
30.07.10;50,6;50,6;50,8;50,55
29.07.10;50,46;49,8;50,55;49,8
28.07.10;49,54;49,6;49,65;49,35
27.07.10;49,31;49,1;49,6;49,1
26.07.10;49,34;49,6;49,6;49,06
23.07.10;49,65;50,4;50,4;49,65
22.07.10;50,2;49,7;50,2;49,5
21.07.10;49,45;49,5;49,75;49,3
20.07.10;49,91;50,8;50,8;49,9
19.07.10;50,86;50,9;51,05;50,8
16.07.10;51,26;51,25;51,55;51,1
15.07.10;51,07;51,3;51,45;50,95
14.07.10;50,99;51;51,2;50,81
13.07.10;51,21;50,8;51,4;50,8
12.07.10;51,37;51,95;51,95;51,3
09.07.10;51,85;51,79;51,9;51,55
08.07.10;51,79;51,7;52,05;51,3
07.07.10;51,42;51,71;51,71;51
06.07.10;51,91;53;53;51,8
05.07.10;52,55;52,95;53,06;52,45
02.07.10;52,75;53,11;53,25;52,65
01.07.10;53,22;53,15;53,6;53,1
30.06.10;53,23;52,55;53,35;52,45
29.06.10;53,26;53,7;53,95;53,25
28.06.10;53,15;52,6;53,34;52,6
25.06.10;52,34;52,45;52,5;52,1
24.06.10;52,79;53,6;53,75;52,7
23.06.10;53,18;53,55;53,71;53,15
22.06.10;53,91;54,55;54,55;53,9
21.06.10;55,13;55,05;55,25;55
18.06.10;54,54;54,8;54,9;54,4
17.06.10;54,51;54,5;54,7;54,3
16.06.10;54,22;54,7;54,85;53,95
15.06.10;54,94;54,65;55,25;54,65
14.06.10;54,36;53,5;54,64;53,5
11.06.10;53,45;53,5;53,6;53,35
10.06.10;54,1;54,65;54,8;53,8
09.06.10;54,76;54,6;55,2;54,3
08.06.10;54,54;54,9;55,05;54,5
07.06.10;54,26;53,55;54,5;53,05
04.06.10;53,4;53,1;53,85;53,1
03.06.10;52,53;52,1;52,65;52,1
02.06.10;51,67;51,2;51,7;51,2
01.06.10;51,23;51,25;51,35;51
31.05.10;51,1;51,25;51,25;50,95
28.05.10;51,64;51,8;52,14;51,65
27.05.10;51,9;52,25;52,3;51,85
26.05.10;52;52,15;52,25;51,85
25.05.10;51,81;52,35;52,5;51,7
21.05.10;51,12;51,2;51,35;51,1
20.05.10;50,82;51,2;51,3;50,6
19.05.10;51,39;51,5;51,55;51,2
18.05.10;51,74;50,9;51,8;50,9
17.05.10;51;51,8;51,8;50,95
14.05.10;52,15;51,75;52,15;51,7
12.05.10;51,8;52,65;52,9;51,7
11.05.10;52,2;53,1;53,3;51,8
10.05.10;53,93;55,25;55,45;53,8
07.05.10;54,59;54,65;55;54,3
06.05.10;54,47;53,7;54,65;53,65
05.05.10;53,55;51,9;54,06;51,9
04.05.10;54;54,5;54,75;53,95
03.05.10;54,32;52,79;54,4;52,79
30.04.10;52,35;51,9;52,4;51,9
29.04.10;51,99;52,1;52,3;51,6
28.04.10;52,24;52,1;52,6;51,95
27.04.10;52,87;52,49;52,9;51,8
26.04.10;52,31;51,75;52,5;51,6
23.04.10;50,57;49,9;50,6;49,75
22.04.10;49,89;50,7;50,7;49,85
21.04.10;50,67;50;50,7;49,95
20.04.10;49,51;48,85;49,6;48,75
19.04.10;48,99;48,65;49,25;48,65
16.04.10;49,14;48,6;49,25;48,55
15.04.10;49,34;49,45;49,7;49,1
14.04.10;48,6;47,85;48,7;47,85
13.04.10;47,55;47,65;47,75;47,4
12.04.10;47,89;48,35;48,4;47,7
09.04.10;48,45;48,4;48,55;48,15
08.04.10;47,71;47,2;47,9;47,2
07.04.10;47,49;46,83;47,69;46,7
06.04.10;46,83;46,35;46,9;46,35
01.04.10;45,8;45,3;45,92;45,25
31.03.10;45,6;45,2;45,64;45,15
30.03.10;45,19;45,15;45,2;45,05
29.03.10;45,24;45,45;45,45;45,1
26.03.10;45,36;45,35;45,5;45,27
25.03.10;45,32;45,25;45,4;45,15
24.03.10;45,24;45,5;45,54;45,2
23.03.10;45,68;45,85;45,85;45,65
22.03.10;45,8;45,45;45,85;45,45
19.03.10;45,58;45,55;45,7;45,45
18.03.10;45,77;46;46,01;45,63
17.03.10;46,11;46,5;46,5;46,05
16.03.10;46,4;46,45;46,65;46,4
15.03.10;46,2;46,17;46,3;46,1
12.03.10;46,28;45,9;46,35;45,85
11.03.10;46,04;46,3;46,5;45,99
10.03.10;46,37;45,8;46,4;45,8
09.03.10;45,93;46,21;46,45;45,85
08.03.10;46,4;46,9;46,9;46,4
05.03.10;46,9;46,85;46,9;46,65
04.03.10;47,1;47,35;47,35;47,01
03.03.10;47,53;47,55;47,7;47,35
02.03.10;47,75;47,75;47,9;47,75
01.03.10;47,8;47,85;47,9;47,65
26.02.10;47,5;47,4;47,6;47,35
25.02.10;47,45;47,7;47,8;47,4
24.02.10;47,58;47,1;47,6;47,1
23.02.10;47,15;47,3;47,4;47,02
22.02.10;47,5;47,5;47,8;47,5
19.02.10;47,72;47,65;47,9;47,55
18.02.10;47,96;47,8;48,1;47,75
17.02.10;48,25;48,45;48,6;48,1
16.02.10;48,23;47,8;48,25;47,75
15.02.10;47,46;47,45;47,75;47,45
12.02.10;47,65;47,5;47,7;47,4
11.02.10;47,79;48;48,05;47,7
10.02.10;48,12;48,26;48,3;48,1
09.02.10;48,39;48,4;48,55;48,25
08.02.10;47,83;48,3;48,3;47,75
05.02.10;48,19;48,25;48,25;48,05
04.02.10;48,27;48,25;48,35;47,9
03.02.10;48,5;48,72;48,72;48,4
02.02.10;48,53;48,75;48,75;48,4
01.02.10;48,88;48,85;49;48,8
29.01.10;49,42;49,35;49,55;49,3
28.01.10;49,5;49,9;49,9;49,45
27.01.10;50,04;49,8;50,3;49,75
26.01.10;49,27;49,25;49,5;49,2
25.01.10;49,56;49,3;49,6;49,3
22.01.10;49,07;49,15;49,3;49,05
21.01.10;49,63;49,5;49,65;49,25
20.01.10;49,76;50,35;50,4;49,6
19.01.10;50,11;49,95;50,2;49,9
18.01.10;49,7;49,7;49,75;49,6
15.01.10;49,93;50;50,2;49,8
14.01.10;50,29;50,49;50,5;50,3
13.01.10;50,12;50,2;50,4;50,1
12.01.10;50,6;50,7;50,9;50,45
11.01.10;51,35;51,8;51,8;51,3
08.01.10;51,91;52,1;52,1;51,8
07.01.10;52,2;51,85;52,25;51,85
06.01.10;51,73;52,15;52,15;51,55
05.01.10;52,4;53;53;52,3
04.01.10;52,78;52,35;52,85;52,35
30.12.09;51,54;51,75;51,85;51,55
29.12.09;51,72;51,9;51,9;51,85
28.12.09;51,93;52;52,1;44,25
23.12.09;44,55;44,75;44,75;44,55
22.12.09;44,53;44,5;44,55;44,4
21.12.09;44,43;44;44,5;44
18.12.09;44,4;44,2;44,5;44,2
17.12.09;43,95;44,4;44,4;43,75
16.12.09;44,55;44,65;44,65;44,4
15.12.09;44,85;44,4;45;44,4
14.12.09;44,26;44;44,2;43,8
11.12.09;44,27;44,1;44,35;44,1
10.12.09;43,94;44;44;43,75
09.12.09;43,87;44;44,05;43,85
08.12.09;43,79;44,2;44,2;43,7
07.12.09;43,95;43,5;44,1;43,4
04.12.09;42,95;42,6;42,95;42,6
03.12.09;43,07;43,1;43,2;43,1
02.12.09;43,15;43,55;43,55;43,1
01.12.09;43,8;43,6;43,8;43,35
30.11.09;43,81;44,35;44,35;43,6
27.11.09;44,48;44,3;44,64;44,2
26.11.09;44,99;45,2;45,25;44,85
25.11.09;44,89;44,5;45,1;44,5
24.11.09;44,65;45,15;45,25;44,65
23.11.09;45,35;45,65;47,6;45,25
20.11.09;45,89;46,15;46,15;45,6
19.11.09;46,1;46,55;46,55;46,05
18.11.09;46,88;46,7;46,95;46,7
17.11.09;46,5;47;47;46,45
16.11.09;46,55;46,15;46,85;46,15
13.11.09;46,24;45,85;46,2;45,75
12.11.09;46,11;46,5;46,5;46,02
11.11.09;46,84;46,5;47;46,4
10.11.09;46,76;46,25;46,75;46,1
09.11.09;46,52;46,5;46,7;46,4
06.11.09;47,02;47,8;47,8;47,05
05.11.09;47,5;47,45;47,54;47,35
04.11.09;47,73;47,9;48,1;47,55
03.11.09;48,25;48,4;48,4;48,2
02.11.09;48,51;48,74;48,75;48,4
30.10.09;48,62;48,65;48,75;48,55
29.10.09;48,65;48,35;48,7;48,3
28.10.09;48,29;48,05;48,35;48
27.10.09;48,32;48,3;48,35;48,16
26.10.09;48,79;48,5;48,85;48,5
23.10.09;49,21;49,1;49,35;49,1
22.10.09;49,36;49,55;49,55;49,3
21.10.09;49,46;48,7;49,55;48,7
20.10.09;48,8;48,5;49;48,4
19.10.09;48,05;48,05;48,2;47,85
16.10.09;47,9;47,55;47,9;47,55
15.10.09;47,63;47,75;47,75;47,35
14.10.09;48,26;48,25;48,4;48,1
13.10.09;48,3;48,4;48,85;48,3
12.10.09;48,53;48,35;48,6;48,35
09.10.09;48,25;47,95;48,25;47,95
08.10.09;47,94;48,55;48,55;47,75
07.10.09;48,21;48,15;48,35;48
06.10.09;47,75;47,3;47,75;47,3
05.10.09;47,02;46,85;47,05;46,8
02.10.09;46,65;46,7;46,75;46,55
01.10.09;47,05;46,95;47,1;46,9
30.09.09;46,65;46,75;47,05;46,6
29.09.09;46,64;46,75;46,8;46,35
28.09.09;46,77;46,35;46,9;46,35
25.09.09;46,5;46,65;46,65;46,3
24.09.09;46,5;46,8;46,81;46,45
23.09.09;47,1;47,25;47,25;46,9
22.09.09;47,33;47,5;47,7;47,45
21.09.09;47,25;47,35;47,35;47,05
18.09.09;47,35;46,85;47,35;46,85
17.09.09;47,45;47,7;47,7;47,23
16.09.09;47,74;47,8;47,95;47,75
15.09.09;47,61;47,75;47,75;47,5
14.09.09;47,66;47,95;47,95;47,45
11.09.09;48,55;48,75;48,75;48,5
10.09.09;48,7;49,05;49,05;48,55
09.09.09;49,01;48,6;49,2;48,6
08.09.09;48,65;48,6;48,85;48,6
07.09.09;48,55;48,6;48,75;48,35
04.09.09;48,72;49,05;49,05;48,6
03.09.09;49,15;49,4;49,6;49,1
02.09.09;49;48,75;49,05;48,75
01.09.09;49;49,39;49,39;48,9
31.08.09;49,29;49,4;49,4;49,25
28.08.09;49,74;50,05;50,05;49,6
27.08.09;49,75;50,18;50,18;49,9
26.08.09;50,04;50,35;50,4;50,05
25.08.09;50,34;50,35;50,35;50,2
24.08.09;50,62;51,05;51,05;50,55
21.08.09;50,75;50,1;50,75;50,1
20.08.09;50,6;50,85;50,85;50,5
19.08.09;50,65;50,7;50,7;50,45
18.08.09;50,65;51;51,15;50,5
17.08.09;50,7;50,75;50,75;50,6
14.08.09;51,1;50,7;51,2;50,6
13.08.09;50,45;50,2;50,75;50,15
12.08.09;50;49,75;49,95;49,75
11.08.09;50,05;50,15;50,15;49,95
10.08.09;50,09;50,15;50,2;49,95
07.08.09;50,35;50,25;50,35;50,1
06.08.09;50,55;50,6;50,6;50,4
05.08.09;50,25;50;50,25;50
04.08.09;49,83;49,8;49,9;49,65
03.08.09;49,59;49,3;49,6;49,25
31.07.09;49,16;49,1;49,2;49,1
30.07.09;49,09;48,8;49,13;48,8
29.07.09;48,81;48,6;48,8;48,6
28.07.09;48,85;49,05;49,05;48,7
27.07.09;49,15;49,2;49,2;49,15
24.07.09;49,38;49,4;49,44;49,35
23.07.09;49,15;;;
22.07.09;49,15;49,35;49,4;49
21.07.09;49,57;49,4;49,6;49,4
20.07.09;49,35;49,4;49,4;49,3
17.07.09;49,58;49,76;49,85;49,4
16.07.09;49,76;49,65;49,75;49,6
15.07.09;49,89;49,95;49,95;49,65
14.07.09;50,3;50,45;50,55;50,25
13.07.09;49,9;49,65;50,15;49,65
10.07.09;49,7;49,95;49,95;49,5
09.07.09;49,78;49,4;49,95;49,4
08.07.09;49,35;48,75;49,6;48,75
07.07.09;49;48,75;49,35;48,7
06.07.09;48,74;48,4;48,75;48,35
03.07.09;49,05;49,35;49,4;49
02.07.09;49,05;49,25;49,25;48,6
01.07.09;49,9;50,4;50,45;49,75
30.06.09;50,5;50,64;50,64;50,5
29.06.09;50,55;50,25;50,5;50,25
26.06.09;50,8;51,15;51,25;50,8
25.06.09;50,69;50,2;50,65;50,18
24.06.09;50,1;50,35;50,4;50,05
23.06.09;50,26;49,65;50,3;49,6
22.06.09;49,94;50,2;50,35;49,7
19.06.09;51,34;51,3;51,45;51,2
18.06.09;50,83;51,2;51,2;50,65
17.06.09;50,72;51,75;51,75;50,4
16.06.09;52,05;51,9;52,3;51,75
15.06.09;51,7;52,1;52,2;51,9
12.06.09;52,73;53,1;53,1;52,65
11.06.09;53,35;54,8;53,7;53,2
10.06.09;53,55;54;54;53,55
09.06.09;53,1;53,2;53,4;53,1
08.06.09;52,85;53;53;52,6
05.06.09;53,35;54,1;54,1;53,3
04.06.09;52,95;52,65;53,15;52,55
03.06.09;53,05;53,74;53,74;52,9
02.06.09;53,78;54,25;54,25;53,6
29.05.09;53,72;54,1;54,25;53,5
28.05.09;53,75;53,3;53,75;53,3
27.05.09;53,65;53,6;53,65;53,55
26.05.09;52,62;52,55;52,6;52,25
25.05.09;53,14;53,1;53,1;53
22.05.09;53,56;53,4;53,6;53,4
20.05.09;54,2;53,65;54,25;53,55
19.05.09;53,3;53,85;53,85;53,5
18.05.09;52,47;51,85;52,6;51,85
15.05.09;52,5;52,45;52,6;52,15
14.05.09;52,1;52,2;52,2;51,55
13.05.09;52,75;53,6;53,7;52,4
12.05.09;53,61;53,35;54,05;53,3
11.05.09;53,73;54,8;54,8;53,4
08.05.09;54,9;54,5;55,05;54,2
07.05.09;54,33;54,3;54,65;53,95
06.05.09;53,4;51,96;53,55;51,96
05.05.09;53,2;53,45;53,6;53,15
04.05.09;53,25;52,8;53,25;52,6
30.04.09;51,4;51,55;51,8;51,2
29.04.09;50,85;50,5;50,9;50,5
28.04.09;50,2;50,01;50,2;50
27.04.09;50,5;50,8;50,85;50,35
24.04.09;52;50,75;52;50,75
23.04.09;51,85;51,9;52,3;51,75
22.04.09;52,25;52,2;52,5;52
21.04.09;51,7;51,65;52,35;51,25
20.04.09;52,5;53,65;53,8;52,5
17.04.09;54,2;53,35;54,2;53,25
16.04.09;53,35;53,25;53,5;53
15.04.09;52,9;52,95;53,1;52,75
14.04.09;52,8;52,9;53,15;52,65
09.04.09;53,15;51,95;53,2;51,95
08.04.09;50,7;49,75;50,7;49,75
07.04.09;50,75;52;52,35;50,75
06.04.09;53,05;53,4;53,6;52,55
03.04.09;52,22;51;52,3;51
02.04.09;51,49;50,7;51,5;50,68
01.04.09;49,3;49,4;49,55;49
31.03.09;48,35;47,8;48,9;47,8
30.03.09;48,32;48,3;48,35;48,2
27.03.09;49,6;50,6;50,65;49,45
26.03.09;49,8;48,9;50,15;48,9
25.03.09;48,85;49,5;49,6;48,45
24.03.09;50,35;50,65;50,9;50,15
23.03.09;50,95;49,95;51;49,75
20.03.09;48,9;47,8;48,9;47,8
19.03.09;48,64;47,75;49,1;47,75
18.03.09;47,21;47,85;47,85;47,05
17.03.09;47,35;46,7;47,45;46,45
16.03.09;46,37;45,45;46,35;45,35
13.03.09;46,5;46,65;46,65;46
12.03.09;45,63;45,05;45,75;44,85
11.03.09;46,35;46,55;46,7;45,9
10.03.09;47,75;46,75;47,75;46,55
09.03.09;46,6;46,45;46,75;46,05
06.03.09;45,61;44,6;45,75;44,45
05.03.09;45,54;45,2;45,4;44,8
04.03.09;45,95;44,45;46;44,45
03.03.09;43,61;43;43,85;42,9
02.03.09;42,74;42,65;43,3;42,6
27.02.09;43,4;44,1;44,1;43,35
26.02.09;44,4;43,6;44,5;43,55
25.02.09;42,65;43,18;43,3;42,6
24.02.09;42,96;42,45;42,9;42,4
23.02.09;44;44,25;44,35;44
20.02.09;45;45,85;45,85;45
19.02.09;46,1;45,95;46,2;45,95
18.02.09;45,9;45,7;46,3;45,7
17.02.09;45,5;45,1;46,05;45,1
16.02.09;46,86;47,4;47,55;46,85
13.02.09;47,85;48,2;48,5;47,8
12.02.09;48,1;48,3;48,5;48
11.02.09;49,5;49,55;49,55;49,3
10.02.09;51;51,2;51,2;50,65
09.02.09;51,3;51,5;51,3;49,7
06.02.09;49,84;49,85;50,05;49,7
05.02.09;49,4;49,5;49,6;49,4
04.02.09;49,55;49,4;49,7;49
03.02.09;49,55;49,8;49,8;49,4
02.02.09;50,29;50,7;50,7;50
30.01.09;51,29;50,7;51,3;50,7
29.01.09;50,79;50,6;50,9;50,45
28.01.09;50,71;50,3;50,55;50,3
27.01.09;50,75;51,35;51,5;50,7
26.01.09;51,28;51,2;51,25;50,9
23.01.09;49,99;50,2;50,3;49,9
22.01.09;50,35;51,05;51,15;50
21.01.09;49,99;49,6;50;49,4
20.01.09;50,1;49,35;50,5;49,35
19.01.09;50,45;51,5;51,5;50,45
16.01.09;52,83;52,75;52,75;52,5
15.01.09;53,42;52,8;53,59;52,8
14.01.09;53,04;54;54,2;52,8
13.01.09;53,05;51,65;53,2;51,4
12.01.09;53,22;53,4;53,65;52,8
09.01.09;55,05;56;56;55
08.01.09;56,25;56,2;56,75;56,05
07.01.09;57,75;58,45;58,75;57,75
06.01.09;59,25;57,9;59,4;57,9
05.01.09;57,51;57,4;57,5;57,15
02.01.09;56,75;56,3;56,5;56,3
30.12.08;58,02;57,8;57,95;57,8
29.12.08;58,21;58,25;58,35;58,25
23.12.08;58;57,75;;
22.12.08;56,5;56,4;56,4;56,4
19.12.08;55,89;54,7;55,6;54,7
18.12.08;55,23;55,3;55,74;55,3
17.12.08;56,17;56,55;56,55;56,15
16.12.08;56,5;56;56,5;56
15.12.08;57,7;56,8;57,9;56,6
12.12.08;57,5;58;58,6;57,45
11.12.08;58,76;58,05;59,05;57,5
10.12.08;56,94;55,8;56,9;55,8
09.12.08;56,02;55,7;56,1;55,5
08.12.08;55,4;54,25;55,4;54,1
05.12.08;54,7;54,4;55,2;54,4
04.12.08;55;53,65;55;53,65
03.12.08;54,75;55,1;55,2;54,45
02.12.08;56,6;55,5;56,6;55,25
01.12.08;57,2;58,3;58,3;57,1
28.11.08;59,8;60,35;60,6;59,5
27.11.08;61,1;58;61,1;57,95
26.11.08;57,25;56,95;57,28;56,95
25.11.08;57,1;57,1;57,15;57,1
24.11.08;56,14;55,25;56;55,2
21.11.08;57,45;56,75;57,15;56,75
20.11.08;57,5;59,3;59,3;57,4
19.11.08;61;61,05;61,15;60,55
18.11.08;61,67;61,5;61,5;61
17.11.08;62,54;63,4;63,4;62,15
14.11.08;64,5;65,45;65,45;64,4
13.11.08;64,96;65,4;65,6;64,9
12.11.08;66,3;66,4;66,4;66,15
11.11.08;67,11;67,5;67,5;66,85
10.11.08;68,75;69,1;69,2;68,85
07.11.08;68,77;68,7;68,75;68,7
06.11.08;68,4;68,35;68,7;68,35
05.11.08;69,41;68,5;69,45;68,4
04.11.08;68,8;67,55;68,81;67,5
03.11.08;68,2;67,75;68,65;67,75
31.10.08;68,2;67,5;68,1;67,2
30.10.08;69,2;69,4;69,4;69,2
29.10.08;69,06;68,05;69,05;68
28.10.08;68,05;68,5;68,65;68,05
27.10.08;68,59;69,25;69,25;68
24.10.08;71;71,7;71,7;70,3
23.10.08;71,95;72,1;72,6;71,4
22.10.08;71,9;72,2;72,6;71,9
21.10.08;73,29;73,8;73,8;73,2
20.10.08;73,25;72,85;73,25;72,85
17.10.08;72,15;73;73,1;72,05
16.10.08;72,8;71,85;73,25;71,6
15.10.08;73,95;75,5;75,5;73,8
14.10.08;77,18;77,6;77,6;77,15
13.10.08;75,89;75,85;75,85;75,7
10.10.08;74,65;74,9;74,9;74,3
09.10.08;77,32;76,6;76,95;76,6
08.10.08;76,74;76,3;76,8;76,1
07.10.08;77,95;77,7;78;77,7
06.10.08;78,14;79,4;79,4;78
02.10.08;80;78,85;80,4;78,85
01.10.08;78,21;78,25;78,6;78,15
30.09.08;77,29;75,5;77,3;75,4
29.09.08;78,3;79;79;77,95
26.09.08;80,05;79,7;80,25;79,65
25.09.08;80,15;80,35;80,35;79,5
24.09.08;81,2;81,25;81,3;80,6
23.09.08;81,72;82,3;82,35;81,75
22.09.08;81,73;81,7;82;81,65
19.09.08;80,75;79,75;80,95;79,75
18.09.08;78,5;76,9;78,5;76,6
17.09.08;77,15;76,8;77,5;76,75
16.09.08;74,75;75,2;75,2;74,3
15.09.08;76,05;78;78;75,97
12.09.08;79,35;79,15;79,5;79,1
11.09.08;78,81;77,7;79,05;77,7
10.09.08;78,95;78,75;79,5;78,6
09.09.08;78,9;80,1;80,1;78,6
08.09.08;80,5;80,85;80,85;80,5
05.09.08;80,85;81,1;81,1;80,4
04.09.08;82,02;81,65;82,15;81,65
03.09.08;81,65;81,7;81,7;81,2
02.09.08;82,15;81,8;82,4;81,8
01.09.08;83,25;85,05;85,1;83
29.08.08;84,71;84,15;84,6;84,15
28.08.08;84,95;84,9;85,1;84,85
27.08.08;84,4;83,95;84,5;83,95
26.08.08;83,39;82,6;83,4;82,5
25.08.08;82,95;83,3;83,8;82,85
22.08.08;84,13;84,9;84,9;83,8
21.08.08;84,78;84,9;84,95;84,4
20.08.08;83,7;82,25;83,7;82,2
19.08.08;81,35;81,6;81,65;81,3
18.08.08;81,65;81,5;81,5;81,3
15.08.08;80,05;80,5;80,5;80,05
14.08.08;81,06;80,8;81,6;80,8
13.08.08;79,86;79,35;79,9;79,3
12.08.08;78,15;77,3;78,25;77,15
11.08.08;77,8;78,15;78,35;77,7
08.08.08;77,5;77,5;77,55;77,4
07.08.08;77,6;76,7;77,95;76,7
06.08.08;76,05;75,8;76;75,5
05.08.08;76,15;76,8;76,8;75,8
04.08.08;78,49;79,2;79,2;78,2
01.08.08;78,96;78,5;78,9;78,25
31.07.08;79,25;79,4;80,05;79
30.07.08;76,96;76,25;77,25;76,2
29.07.08;77,89;78,6;78,6;77,8
28.07.08;78,11;77,8;79,4;77,8
25.07.08;79,75;80,9;81,4;80
24.07.08;79,1;77;79,25;77
23.07.08;76,65;76,25;76,55;75,4
22.07.08;78,36;79,15;79,4;78
21.07.08;78,65;81,2;81,6;78,55
18.07.08;80,36;81;81,5;80,1
17.07.08;82,85;83,5;83,5;82
16.07.08;83,5;84,55;84,65;83,25
15.07.08;85,5;86,4;86,55;85,6
14.07.08;86,95;86,55;86,95;86,35
11.07.08;87,8;87;88;87
10.07.08;83,8;83,1;84,25;82,55
09.07.08;84,81;85,5;85,9;84,75
08.07.08;85,7;88,05;88,5;85,7
07.07.08;87,8;87,95;88,1;87,8
04.07.08;87,51;87,85;88,1;87,15
03.07.08;87,23;88,75;88,8;86,8
02.07.08;85,5;90,6;90,8;84,05
01.07.08;90,15;88,6;90,2;88,6
30.06.08;88,3;87,5;88,6;87,5
27.06.08;86,3;86,2;86,95;86,1
26.06.08;83,9;81,9;83,95;81,9
25.06.08;82,68;82,25;82,85;82,25
24.06.08;82,04;81,25;82;81,25
23.06.08;80,85;80,75;81,05;80,6
20.06.08;79,8;78,75;79,75;78,6
19.06.08;79,6;79,85;80,4;79,72
18.06.08;78,95;77,95;79;77,95
17.06.08;77,45;77,2;77,65;77,2
16.06.08;77,65;76,7;77,75;76,7
13.06.08;77,15;77,1;77,3;76,75
12.06.08;76,5;75,9;76,7;75,9
11.06.08;75,6;74,85;75,6;74,85
10.06.08;75,3;75;75,4;74,5
09.06.08;75,25;75,6;75,8;75,2
06.06.08;73,95;73,3;73,85;73,3
05.06.08;72;71,7;72,2;71,55
04.06.08;72,7;72,65;72,9;72,65
03.06.08;73,56;72,8;73,85;72,8
02.06.08;72,5;72,85;72,95;72,5
30.05.08;72,66;72,65;72,8;71,75
29.05.08;73,9;74,3;74,45;73,8
28.05.08;74,15;74,5;74,65;73,75
26.05.08;74,3;74,1;74,3;74
23.05.08;73,5;72,6;73,5;72,6
22.05.08;73,35;74;74,15;73,5
21.05.08;72,5;72,35;72,8;72,35
20.05.08;71,55;71,5;71,5;71,25
19.05.08;71,6;71,3;71,65;71,3
16.05.08;70,74;70;70,85;70
15.05.08;69,95;69,8;69,92;69,8
14.05.08;69,7;69,9;70,05;69,7
13.05.08;69,65;69,25;69,65;69,25
09.05.08;69,33;68,9;69,45;68,9
08.05.08;68,75;68,9;68,9;68,65
07.05.08;68,75;68,5;68,75;68,5
06.05.08;68,25;68;68,25;67,85
05.05.08;67,75;67;67,75;67
02.05.08;66,6;65,85;66,6;65,85
30.04.08;65,8;65,4;65,8;65,4
29.04.08;65,72;66;66;65,5
28.04.08;66,25;66,65;66,65;66,25
25.04.08;66,25;66;66,35;66
24.04.08;66,35;66,5;66,6;66,1
23.04.08;66,3;66,4;66,4;66,25
22.04.08;66,5;66,7;66,75;66,35
21.04.08;66,6;66,3;66,65;66,3
18.04.08;65,6;65,65;65,75;65,5
17.04.08;65,91;65,85;66;65,8
16.04.08;65,85;65,55;65,95;65,55
15.04.08;66;65,9;66;65,75
14.04.08;65,58;65,45;65,55;65,45
11.04.08;65,15;65,2;65,3;65,2
10.04.08;65,2;65;65,4;65
09.04.08;64,5;64,6;64,6;64,3
08.04.08;64,65;64,9;64,9;64,45
07.04.08;64,85;64,5;64,85;64,45
04.04.08;64,2;64;64,2;63,9
03.04.08;63,8;63,8;63,85;63,8
02.04.08;63,5;63,4;63,65;63,35
01.04.08;63,08;63,25;63,35;63,05
31.03.08;63,58;63,45;63,6;63,45
28.03.08;63,3;63,4;63,4;63,35
27.03.08;63,55;63,65;63,8;63,4
26.03.08;63,35;62,9;63,4;62,9
25.03.08;62,36;62,35;62,35;62,35
20.03.08;62,45;62,2;62,5;61,9
19.03.08;62,55;63,4;63,4;62,5
18.03.08;63,05;62,85;63,15;62,85
17.03.08;63,25;64,1;64,1;63,1
14.03.08;64,03;64,1;64,1;64
13.03.08;64,3;64,2;64,2;64,2
12.03.08;63,85;63,8;64;63,8
11.03.08;63,59;64;64,05;63,6
10.03.08;63,81;64,3;64,3;63,5
07.03.08;64,2;64,4;64,4;64,1
06.03.08;64,25;64,4;64,65;64,35
05.03.08;63,95;63,6;64;63,6
04.03.08;64,15;63,8;64,25;63,55
03.03.08;64,45;64,6;64,6;63,95
29.02.08;64,85;65;65;64,85
28.02.08;64,75;64,4;64,75;64,3
27.02.08;64,65;64,6;64,65;64,6
26.02.08;64,05;64,2;64,35;63,95
25.02.08;64,3;64,4;64,75;64,3
22.02.08;64,05;64,1;64,25;64,02
21.02.08;63,88;63,75;64,1;63,75
20.02.08;63,35;63,6;63,6;63,25
19.02.08;63,25;63,05;63,35;62,85
18.02.08;62,75;63,1;63,1;62,7
15.02.08;63;63,35;63,75;63
14.02.08;63,1;63;63,15;62,95
13.02.08;62,4;61,75;62,4;61,7
12.02.08;61,82;61,8;62;61,7
11.02.08;61,68;61,7;61,85;61,55
08.02.08;61,6;61,45;61,65;61,45
07.02.08;60,77;61,1;61,1;60,75
06.02.08;60,75;60;60,8;60
05.02.08;60,3;61;61;60,3
04.02.08;61,15;61,3;61,3;61,15
01.02.08;61,45;61,5;61,5;61,35
31.01.08;61,1;61,25;61,35;61
30.01.08;61,8;61,15;61,8;61,15
29.01.08;61,5;61,6;61,8;61,5
28.01.08;61,05;61,05;61,1;60,75
25.01.08;61,17;60,35;61,2;60,25
24.01.08;59,45;59,35;59,6;59,2
23.01.08;59,15;60,4;60,4;59
22.01.08;59,5;59,15;59,5;58,7
21.01.08;59,85;60,7;60,7;59,8
18.01.08;61,35;61,1;61,5;61
17.01.08;61,7;61,8;61,9;61,5
16.01.08;62,18;62,4;62,4;61,8
15.01.08;62,7;62,9;63;62,7
14.01.08;62,88;62,45;62,8;62,45
11.01.08;62,3;62,75;62,85;62,3
10.01.08;62,69;62,9;62,9;62,5
09.01.08;62,9;63,15;63,15;62,9
08.01.08;63,25;63;63,25;62,9
07.01.08;62,95;62,3;63,15;62,3
04.01.08;62,6;62,3;62,7;62,3
03.01.08;62,5;62,5;62,5;62,4
02.01.08;61,85;61,55;61,6;61,55